item,name,group,party,district,constituency,startdate,enddate,psid
Q100937829,Ya'ara Saks,Q138345,Liberal Party of Canada,Q3572587,York Centre,,,Q100937829-3EA7786C-3D98-426E-9D53-17601A56DB5E
Q105490025,Tako van Popta,Q488523,Conservative Party of Canada,Q16999141,Langley—Aldergrove,,,Q105490025-B46E503A-C576-467C-A33C-1326ED3AD69A
Q108619058,Bonita Zarrillo,Q130765,New Democratic Party,Q3398378,Port Moody—Coquitlam,,,Q108619058-C0B1AA24-A236-459B-8C7A-389ACA58D9A4
Q108619065,Mike Morrice,Q691730,Green Party of Canada,Q3197575,Kitchener Centre,,,Q108619065-A819E542-5662-453B-953C-9F0B35D5C173
Q108619068,Melissa Lantsman,Q488523,Conservative Party of Canada,Q3525846,Thornhill,,,Q108619068-B2FBB878-BBE9-4CF7-A99F-E05CF0F2AF28
Q108619069,Lori Idlout,Q130765,New Democratic Party,Q584337,Nunavut,,,Q108619069-74737FCB-9E74-46C8-AF9A-4FE22BA6FBD6
Q108619080,Michelle Ferreri,Q488523,Conservative Party of Canada,Q3376996,Peterborough—Kawartha,,,Q108619080-05A4990A-B983-426D-B8BC-930F360043CB
Q108628440,Blake Desjarlais,Q130765,New Democratic Party,Q16966780,Edmonton Griesbach,,,Q108628440-3E520370-A42D-4373-A8D8-C7511795D639
Q108628484,Arielle Kayabaga,Q138345,Liberal Party of Canada,Q3258933,London West,,,Q108628484-9A752667-56E2-4D8D-A6CF-A0AAB60F64E4
Q108628500,Viviane Lapointe,Q138345,Liberal Party of Canada,Q3502922,Sudbury,,,Q108628500-2807368A-76C3-4587-A37A-837D50529EDD
Q108635638,Kevin Vuong,Q327591,independent politician,Q16976871,Spadina—Fort York,2021-09-20,,Q108635638-4BC242DC-34BF-44FC-8182-4A0C003ED8FB
Q108635653,Larry Brock,Q488523,Conservative Party of Canada,Q2923856,Brantford—Brant,,,Q108635653-F2D1C5B8-2A3D-4D12-8C6C-1010FE8E7085
Q108635667,Dan Muys,Q488523,Conservative Party of Canada,Q16978840,Flamborough—Glanbrook,,,Q108635667-70C99B84-B6A6-4232-A30F-A580D6787040
Q108635673,Valerie Bradford,Q138345,Liberal Party of Canada,Q16979185,Kitchener South—Hespeler,,,Q108635673-4E76AF41-6346-4574-8F69-0D57FE6ADA9C
Q108635682,Iqwinder Gaheer,Q138345,Liberal Party of Canada,Q16977742,Mississauga—Malton,,,Q108635682-E8585DB3-AC7B-4171-832A-10A1F9A4858E
Q108635691,Sophie Chatel,Q138345,Liberal Party of Canada,Q3397734,Pontiac,,,Q108635691-2819DD8B-26B0-4EF3-A3B3-AD6554354D61
Q108638234,Brendan Hanley,Q138345,Liberal Party of Canada,Q3573173,Yukon,,,Q108638234-AB4C4F2B-C661-4AE2-8EC7-FEC6C11FE9BC
Q108650393,Fraser Tolmie,Q488523,Conservative Party of Canada,Q17037560,Moose Jaw—Lake Centre—Lanigan,,,Q108650393-1445E91E-E6CC-4F4C-9208-6310E8E7DCE5
Q108650398,Frank Caputo,Q488523,Conservative Party of Canada,Q3192457,Kamloops—Thompson—Cariboo,,,Q108650398-42E57C3F-B898-4183-839E-E5D07A21C656
Q108650405,Shelby Kramp-Neuman,Q488523,Conservative Party of Canada,Q16979735,Hastings—Lennox and Addington,,,Q108650405-B6B9A485-8B5C-41D5-B0D1-F8E3BF771CE7
Q108650880,Nathalie Sinclair-Desgagné,Q735105,Bloc Québécois,Q25246025,Terrebonne,,,Q108650880-CAA96CA3-9B3F-4C17-9108-1DDC720EF146
Q108655399,Rechie Valdez,Q138345,Liberal Party of Canada,Q3316916,Mississauga—Streetsville,,,Q108655399-CB829CDF-CA37-41C5-A036-C85D4CE836AD
Q108655429,Leah Taylor Roy,Q138345,Liberal Party of Canada,Q16949447,Aurora—Oak Ridges—Richmond Hill,,,Q108655429-9391DE3C-96E8-43B8-B6E0-E8CC27F68EA9
Q108655435,Parm Bains,Q138345,Liberal Party of Canada,Q16999753,Steveston—Richmond East,,,Q108655435-D7E04596-879C-48BB-90F7-677E6985DF80
Q108659139,Lisa Hepfner,Q138345,Liberal Party of Canada,Q3126460,Hamilton Mountain,,,Q108659139-2A2A719D-B897-4D76-A7BD-E0F1D0E4E33F
Q108659311,Jean-Denis Garon,Q735105,Bloc Québécois,Q16999883,Mirabel,,,Q108659311-47D7F849-7107-4657-BA57-5314C4C118E7
Q108671561,Wilson Miao,Q138345,Liberal Party of Canada,Q3431468,Richmond Centre,,,Q108671561-1EB3C10E-47E2-40F4-951B-372EA459B897
Q108673849,Pascale St-Onge,Q138345,Liberal Party of Canada,Q2926009,Brome—Missisquoi,,,Q108673849-27C25077-4A4D-42A6-863C-AC7EAC043DB6
Q108686167,Lisa Marie Barron,Q130765,New Democratic Party,Q16979413,Nanaimo—Ladysmith,,,Q108686167-26E62AB5-1455-4EFE-AF0C-BABBB0773CCD
Q108687439,Adam Chambers,Q488523,Conservative Party of Canada,Q3484116,Simcoe North,,,Q108687439-0F33314A-2CD2-4433-B4B3-E68DF2B2F51D
Q108687444,Anna Roberts,Q488523,Conservative Party of Canada,Q16977204,King—Vaughan,,,Q108687444-025E766B-B3FA-41DD-BDB5-6E3A45BA35EC
Q108687453,Chad Collins,Q138345,Liberal Party of Canada,Q3126448,Hamilton East—Stoney Creek,,,Q108687453-3EA38E81-F269-43E0-97F1-22204E5AA156
Q108687462,Shafqat Ali,Q138345,Liberal Party of Canada,Q2923648,Brampton Centre,,,Q108687462-D991914E-7464-477B-BA83-BC2FE9A5EBDC
Q108687472,Ryan Williams,Q488523,Conservative Party of Canada,Q16950737,Bay of Quinte,,,Q108687472-EAACFDF5-EE46-48A7-B1EB-7B162242E728
Q108687492,Stephen Ellis,Q488523,Conservative Party of Canada,Q3007524,Cumberland—Colchester,,,Q108687492-D6BEA534-9258-4761-95C4-AE5C76F2792D
Q108687503,Joanne Thompson,Q138345,Liberal Party of Canada,Q3495268,St. John's East,,,Q108687503-5A2ED9F9-0E81-4050-BBDF-B7580290F394
Q108687511,Clifford Small,Q488523,Conservative Party of Canada,Q16949517,Coast of Bays—Central—Notre Dame,,,Q108687511-B0FBD515-8563-4CF0-AC57-802804046C7B
Q108694829,Rick Perkins,Q488523,Conservative Party of Canada,Q3492274,South Shore—St. Margarets,,,Q108694829-8539FEB7-52FD-43A3-8BBF-F0F3696404D4
Q108694832,Paul Chiang,Q138345,Liberal Party of Canada,Q3294346,Markham—Unionville,,,Q108694832-815E7D4D-9033-4815-AFE4-1459AA2B93F8
Q109313943,René Villemure,Q735105,Bloc Québécois,Q3539914,Trois-Rivières,,,Q109313943-FE6CA9A5-FDE6-4F7C-90F7-CFA47456509B
Q1396130,Luc Thériault,Q735105,Bloc Québécois,Q3322478,Montcalm,,,Q1396130-023FEC2B-619D-4F21-BEF2-D70E26D6BE29
Q14946726,John Williamson,Q488523,Conservative Party of Canada,Q3345015,New Brunswick Southwest,,,Q14946726-EAEE058C-3133-45CA-A47C-D6805198BEA9
Q15054353,Mélanie Joly,Q138345,Liberal Party of Canada,Q16826254,Ahuntsic-Cartierville,,,Q15054353-45BEB6C2-C142-4C4D-9F10-BFCEC8F8F796
Q15296602,Lena Diab,Q138345,Liberal Party of Canada,Q3125968,Halifax West,,,Q15296602-A2933A24-F3A8-442C-A2AC-B8B9C44C1B62
Q15300563,Ted Falk,Q488523,Conservative Party of Canada,Q3408277,Provencher,,,Q15300563-9BB70F9C-7F13-45C6-ABB0-466A96E0E44B
Q16192760,Carol Hughes,Q130765,New Democratic Party,Q2835750,Algoma—Manitoulin—Kapuskasing,,,Q16192760-0B75F632-6CAC-478C-9CC5-EEE72C202F7F
Q16194184,Richard Martel,Q488523,Conservative Party of Canada,Q2963421,Chicoutimi—Le Fjord,,,Q16194184-0D611F1F-58C3-4AFC-BA57-B6B9B290E681
Q16211070,Ahmed Hussen,Q138345,Liberal Party of Canada,Q3572599,York South—Weston,,,Q16211070-BFFC23AD-BFAF-4A3D-A7A5-1C78A064A071
Q16215273,Mark Gerretsen,Q138345,Liberal Party of Canada,Q3197139,Kingston and the Islands,,,Q16215273-F5BDEEFB-570D-401D-9E03-12B1C95EC37A
Q1685302,Jean-Yves Duclos,Q138345,Liberal Party of Canada,Q3414825,Québec,,,Q1685302-07B26EF2-8C9A-4DA4-A3D8-10D48A082950
Q17174697,Mario Beaulieu,Q735105,Bloc Québécois,Q3211775,La Pointe-de-l'Île,,,Q17174697-B6ADE0E5-FA0C-4DCF-BF7C-60F351773BFB
Q17180515,Yvan Baker,Q138345,Liberal Party of Canada,Q3059353,Etobicoke Centre,,,Q17180515-EB22569E-34EA-4A09-8C21-728EA1BB5C57
Q17180720,Marie-France Lalonde,Q138345,Liberal Party of Canada,Q3357764,Orléans,,,Q17180720-CD21FB23-7FA5-46F5-9C79-B3689CE427CB
Q17183113,Han Dong,Q138345,Liberal Party of Canada,Q3035923,Don Valley North,,,Q17183113-E08AE058-179F-497C-A915-34D144457A3B
Q17305669,John Barlow,Q488523,Conservative Party of Canada,Q16977569,Foothills,,,Q17305669-58E2CB34-A816-4297-B72F-DC21745502B4
Q17386312,James Maloney,Q138345,Liberal Party of Canada,Q3059361,Etobicoke—Lakeshore,,,Q17386312-E4B4B110-2F8C-4866-9603-62A2AAF16987
Q1840895,Erin O'Toole,Q488523,Conservative Party of Canada,Q2390150,Durham,,,Q1840895-0449ED15-CEC0-456A-A3C4-F19E5F75B198
Q19876367,Michael Barrett,Q488523,Conservative Party of Canada,Q581570,Leeds—Grenville—Thousand Islands and Rideau Lakes,,,Q19876367-6EB346A9-A63E-4F31-994C-650E416DD580
Q19955984,Jaime Battiste,Q138345,Liberal Party of Canada,Q3506854,Sydney—Victoria,,,Q19955984-54D70537-7B49-4E1D-A06C-F5453DA5F224
Q19966780,Heath MacDonald,Q138345,Liberal Party of Canada,Q513772,Malpeque,,,Q19966780-CA1B85F5-1881-4FA7-85B4-8FFADCEBCE07
Q20676568,Nathaniel Erskine-Smith,Q138345,Liberal Party of Canada,Q2892787,Beaches—East York,,,Q20676568-D4BE5D71-7A58-4AF0-B7B3-99D696D1075E
Q21064615,David Lametti,Q138345,Liberal Party of Canada,Q16979970,LaSalle—Émard—Verdun,,,Q21064615-34FEED02-4908-46C4-8BDB-36DAA5B6A293
Q21066146,Ken McDonald,Q138345,Liberal Party of Canada,Q2873260,Avalon,,,Q21066146-2E196FBE-4D10-4EEA-839F-2E1854CD78FE
Q21155044,Francis Drouin,Q138345,Liberal Party of Canada,Q3108745,Glengarry—Prescott—Russell,,,Q21155044-48691434-24EC-4636-8D73-8E817A9559CA
Q21156165,Majid Jowhari,Q138345,Liberal Party of Canada,Q3431478,Richmond Hill,,,Q21156165-45891984-E944-469C-8AEB-D8DC40C5AAEF
Q21156200,Ali Ehsassi,Q138345,Liberal Party of Canada,Q3569133,Willowdale,,,Q21156200-4D576487-67B1-498C-AD01-607B230CDFB3
Q21158711,Pierre Paul-Hus,Q488523,Conservative Party of Canada,Q429015,Charlesbourg—Haute-Saint-Charles,,,Q21158711-D424E6BA-15A7-48C1-B85F-C274D4E54FBC
Q21159815,François-Philippe Champagne,Q138345,Liberal Party of Canada,Q3462967,Saint-Maurice—Champlain,,,Q21159815-48F08AF1-2618-4AB3-B981-F406FE1F6460
Q21159821,Joël Lightbound,Q138345,Liberal Party of Canada,Q3260598,Louis-Hébert,,,Q21159821-F145771C-7785-4FA0-BB58-61ADDB6A98BD
Q21159929,Rhéal Fortin,Q735105,Bloc Québécois,Q428070,Rivière-du-Nord,,,Q21159929-5DEF50C7-4E4B-4F99-A61C-1CCEC5C0AB16
Q21160212,Gary Anandasangaree,Q138345,Liberal Party of Canada,Q16979633,Scarborough—Rouge Park,,,Q21160212-83C984A3-2DD5-4CAA-B7C5-1A117BE4B695
Q21167969,Marilène Gill,Q735105,Bloc Québécois,Q3285881,Manicouagan,,,Q21167969-2AA2B941-3EF3-4931-BF20-179884DDF696
Q21174009,Andy Fillmore,Q138345,Liberal Party of Canada,Q2604650,Halifax,,,Q21174009-F865556B-802F-400D-B5F6-69AAAB78E92B
Q21175255,Sven Spengemann,Q138345,Liberal Party of Canada,Q3316911,Mississauga—Lakeshore,,,Q21175255-89DD985F-7AE7-4990-885F-E6A75DBC8053
Q21177259,Gabriel Ste-Marie,Q735105,Bloc Québécois,Q3183138,Joliette,,,Q21177259-7944A522-C64C-4838-BB46-81DA6B1DC2A0
Q21228464,Richard Cannings,Q130765,New Democratic Party,Q16999989,South Okanagan—West Kootenay,,,Q21228464-61713D4B-27AA-4EAF-AB5D-10FCF3454139
Q21266477,Steven MacKinnon,Q138345,Liberal Party of Canada,Q693762,Gatineau,,,Q21266477-7B1D703F-6848-4A56-92CB-1CE1ACED9F2E
Q21281905,Greg Fergus,Q138345,Liberal Party of Canada,Q3143028,Hull—Aylmer,,,Q21281905-3E178FBE-AE0E-4485-AF4D-CC6621D2605E
Q21284594,Xavier Barsalou-Duval,Q735105,Bloc Québécois,Q16845155,Pierre-Boucher—Les Patriotes—Verchères,,,Q21284594-E0894FF4-A6F0-4139-BF68-24A5FEE1D7F8
Q21286025,Monique Pauzé,Q735105,Bloc Québécois,Q3427232,Repentigny,,,Q21286025-6060E274-DE95-450B-8909-4991D7A44F35
Q21296174,Alain Rayes,Q488523,Conservative Party of Canada,Q3431483,Richmond—Arthabaska,,,Q21296174-D908A2B7-2E93-40F8-A58D-EB8199DA8C84
Q21336098,Diane Lebouthillier,Q138345,Liberal Party of Canada,Q3098861,Gaspésie—Les Îles-de-la-Madeleine,,,Q21336098-A753C563-2148-4DDD-953C-30C156EF5E6D
Q21336208,Marco Mendicino,Q138345,Liberal Party of Canada,Q3049206,Eglinton—Lawrence,,,Q21336208-3329DA7E-CFFB-483D-BB27-BDF4E2C1C835
Q21336246,Harjit Sajjan,Q138345,Liberal Party of Canada,Q3554462,Vancouver South,,,Q21336246-7EDD8E7E-BDEE-4A2E-A3D7-4DA73268972E
Q21356553,Marie-Claude Bibeau,Q138345,Liberal Party of Canada,Q2990889,Compton—Stanstead,,,Q21356553-A1328D7C-D63A-486B-ADC6-43FB74F13DD1
Q21384927,Carla Qualtrough,Q138345,Liberal Party of Canada,Q3021905,Delta,,,Q21384927-0B2D3421-215C-461D-8564-9E79C98EDF4E
Q21402871,Bardish Chagger,Q138345,Liberal Party of Canada,Q3566686,Waterloo,,,Q21402871-507734CC-132B-4BD4-B152-736AE2944F23
Q21572835,Chris Bittle,Q138345,Liberal Party of Canada,Q267841,St. Catharines,,,Q21572835-A35EA354-4220-44CE-8719-80E509FB200E
Q21572837,Rachel Blaney,Q130765,New Democratic Party,Q3344130,North Island—Powell River,,,Q21572837-05B44B58-7F92-49DF-BF44-0176F21D4DD6
Q21572837,Rachel Blaney,Q130765,New Democratic Party,Q3344130,North Island—Powell River,2015-10-19,,Q21572837-6A2B6087-9AD6-4262-A8AC-598FFAFF83C0
Q21572842,Randy Boissonnault,Q138345,Liberal Party of Canada,Q3048042,Edmonton Centre,,,Q21572842-3AB539E2-737B-4ED9-BD44-D1B7682BD0E5
Q21572911,Serge Cormier,Q138345,Liberal Party of Canada,Q2822240,Acadie—Bathurst,,,Q21572911-4854EFF6-8709-4FEE-B88C-478A5F43AB7D
Q21572925,Julie Dabrusin,Q138345,Liberal Party of Canada,Q3532395,Toronto—Danforth,,,Q21572925-D36D634A-956F-4028-A448-61B8CA12FEE5
Q21572945,Anju Dhillon,Q138345,Liberal Party of Canada,Q16962445,Dorval—Lachine—LaSalle,,,Q21572945-1F637E88-774A-4309-9885-2E52FC0C7DD8
Q21573510,Patty Hajdu,Q138345,Liberal Party of Canada,Q3526041,Thunder Bay—Superior North,,,Q21573510-5C9CAF94-D871-4265-9882-BE5D67D99C02
Q21642319,Daniel Blaikie,Q130765,New Democratic Party,Q3051614,Elmwood—Transcona,2015-10-19,,Q21642319-C3252FF8-0994-4C24-BE9C-46172E34B116
Q21642395,Michael Cooper,Q488523,Conservative Party of Canada,Q16977238,St. Albert—Edmonton,,,Q21642395-AFC9A563-3FB6-44A3-9AB3-685051C51B00
Q21642488,Peter Fragiskatos,Q138345,Liberal Party of Canada,Q3258929,London North Centre,,,Q21642488-9D717AC3-B5FC-4F67-AF86-28FDCF506613
Q21642492,Sean Fraser,Q138345,Liberal Party of Canada,Q3345304,Central Nova,,,Q21642492-1E75FBCD-7718-4930-9F31-8576F505F182
Q21642507,Garnett Genuis,Q488523,Conservative Party of Canada,Q16986155,Sherwood Park—Fort Saskatchewan,,,Q21642507-9B919F4C-5B5C-4F1C-8930-05E3ABE6E81E
Q21642653,Iqra Khalid,Q138345,Liberal Party of Canada,Q16976696,Mississauga—Erin Mills,,,Q21642653-949B7F2A-30E0-4D1B-805F-2D112E1DF01E
Q21642848,John Nater,Q488523,Conservative Party of Canada,Q3376177,Perth—Wellington,,,Q21642848-5C695856-2E84-4B7F-A146-4A9FE5872BDD
Q21713409,René Arseneault,Q138345,Liberal Party of Canada,Q3275454,Madawaska—Restigouche,,,Q21713409-4E8CE68E-BDE6-4296-AC1F-25005785724A
Q21714336,Ginette Petitpas Taylor,Q138345,Liberal Party of Canada,Q3320478,Moncton—Riverview—Dieppe,,,Q21714336-B1FC892C-1E51-40A1-86D5-65F75CC42A9A
Q21714343,Wayne Long,Q138345,Liberal Party of Canada,Q16979314,Saint John—Rothesay,,,Q21714343-2E761DF0-5C99-4FEA-9561-9110E1CEF70F
Q21716242,Terry Beech,Q138345,Liberal Party of Canada,Q16954585,Burnaby North—Seymour,,,Q21716242-262CE553-6288-4137-ADF6-0D282D251C2A
Q21716260,Karina Gould,Q138345,Liberal Party of Canada,Q774538,Burlington,,,Q21716260-BC892F80-99C1-4A60-BBAE-7939E43E2870
Q21716310,Jonathan Wilkinson,Q138345,Liberal Party of Canada,Q3344177,North Vancouver,,,Q21716310-84F1E453-BF60-4AFB-8961-6DE9B515A8B6
Q21872800,Arnold Viersen,Q488523,Conservative Party of Canada,Q17092367,Peace River—Westlock,,,Q21872800-D134C99B-44E4-41BA-B534-9C02F1C8BB6B
Q21891834,Luc Berthold,Q488523,Conservative Party of Canada,Q3332796,Mégantic—L'Érable,,,Q21891834-376CA89D-AEE1-42FF-805D-AA977FC04176
Q22002979,Ziad Aboultaif,Q488523,Conservative Party of Canada,Q16966789,Edmonton Manning,,,Q22002979-7958B046-EF95-47C1-BDBE-4DEF058C2120
Q22003182,Mel Arnold,Q488523,Conservative Party of Canada,Q512649,North Okanagan—Shuswap,,,Q22003182-59C03823-D856-4577-B85F-F309DB6EE3D6
Q22003456,John Brassard,Q488523,Conservative Party of Canada,Q16950434,Barrie—Innisfil,,,Q22003456-A13AD7E1-14CA-4114-884B-303D14F9531A
Q22004363,Darren Fisher,Q138345,Liberal Party of Canada,Q3016601,Dartmouth—Cole Harbour,,,Q22004363-ACC0108D-7BD8-41D5-86CA-4A3AE1B749B4
Q22004772,Ken Hardie,Q138345,Liberal Party of Canada,Q3073517,Fleetwood—Port Kells,,,Q22004772-2ADB3E1F-F34F-448F-92F4-204080A00076
Q22005483,Gudie Hutchings,Q138345,Liberal Party of Canada,Q16990299,Long Range Mountains,,,Q22005483-FDD3BB07-CE9C-473D-9D97-024E63D174A2
Q22006190,Patricia Lattanzio,Q138345,Liberal Party of Canada,Q3462835,Saint-Léonard—Saint-Michel,,,Q22006190-CFB3BE23-0C7E-4C8F-A3AF-2D451769394E
Q22006757,Kelly McCauley,Q488523,Conservative Party of Canada,Q3048051,Edmonton West,,,Q22006757-6F98CF38-016B-4CCC-A800-F7B053DD95AF
Q22080796,Brenda Shanahan,Q138345,Liberal Party of Canada,Q16961180,Châteauguay—Lacolle,,,Q22080796-42C4A8A9-E445-4C87-9716-5A0637690A4D
Q22080839,Stéphane Lauzon,Q138345,Liberal Party of Canada,Q16833613,Argenteuil—La Petite-Nation,,,Q22080839-80825027-A7E1-4614-93DF-AA816CB570E1
Q22080847,Angelo Iacono,Q138345,Liberal Party of Canada,Q2834924,Alfred-Pellan,,,Q22080847-E232961E-F1F1-4021-91FF-5A0A1D68F397
Q22086204,Julie Dzerowicz,Q138345,Liberal Party of Canada,Q3017300,Davenport,,,Q22086204-73B693A6-326C-4CAC-A91B-C86F55DFF755
Q22096449,Terry Sheehan,Q138345,Liberal Party of Canada,Q3474220,Sault Ste. Marie,,,Q22096449-02DD7050-384F-427E-9E01-B316DA56E033
Q22096924,Ruby Sahota,Q138345,Liberal Party of Canada,Q16953394,Brampton North,,,Q22096924-F4DE3BDE-D891-42D0-8185-6625BB4CF405
Q22097102,Francesco Sorbara,Q138345,Liberal Party of Canada,Q16976825,Vaughan—Woodbridge,,,Q22097102-D94EDEFD-88E0-4CA5-994E-A559878FD0EC
Q22114010,Shannon Stubbs,Q488523,Conservative Party of Canada,Q3216473,Lakeland,,,Q22114010-BF050FED-52A5-4FF5-8A9F-55079F5424F8
Q22116843,Cathay Wagantall,Q488523,Conservative Party of Canada,Q3572613,Yorkton—Melville,,,Q22116843-8E236769-0933-4A92-8CE8-7F29A8D8AAC1
Q22121196,Peter Schiefke,Q138345,Liberal Party of Canada,Q3555066,Vaudreuil—Soulanges,,,Q22121196-056FDB5A-2CAE-4073-9986-28A7AB8AD455
Q22276751,John Aldag,Q138345,Liberal Party of Canada,Q16949372,Cloverdale—Langley City,,,Q22276751-BBB94D44-972B-46AB-8A66-57E0644881DC
Q22276872,Chandra Arya,Q138345,Liberal Party of Canada,Q3338266,Nepean,,,Q22276872-5B9D2B57-22EE-4FF6-8000-4337353AE1F3
Q22276923,Vance Badawey,Q138345,Liberal Party of Canada,Q3339428,Niagara Centre,,,Q22276923-9327C749-E936-4020-88D5-6D661D9E19D0
Q22277334,Shaun Chen,Q138345,Liberal Party of Canada,Q16976145,Scarborough North,,,Q22277334-0C9ED797-457F-42BE-B79D-D59BD69B617F
Q22277495,Pam Damoff,Q138345,Liberal Party of Canada,Q17092100,Oakville North—Burlington,,,Q22277495-63DC9046-A804-4B37-B5D6-7778A19E7DC4
Q22277600,Todd Doherty,Q488523,Conservative Party of Canada,Q2938767,Cariboo—Prince George,,,Q22277600-C66200AA-2455-4C2A-8B2D-CC30B399EA8D
Q22277949,Marilyn Gladu,Q488523,Conservative Party of Canada,Q3473661,Sarnia—Lambton,,,Q22277949-8AE97714-0F9D-4D52-A3B5-8D1B965FB86B
Q22277957,Joël Godin,Q488523,Conservative Party of Canada,Q3399336,Portneuf—Jacques-Cartier,,,Q22277957-4ADA7F92-1633-45DB-B0E9-460AAC61884E
Q22278125,Rachael Thomas,Q488523,Conservative Party of Canada,Q3236894,Lethbridge,,,Q22278125-5E432B21-AB7D-4A61-AFAF-F8B0C4E30CD0
Q22278424,Gord Johns,Q130765,New Democratic Party,Q16952299,Courtenay—Alberni,,,Q22278424-BD3E5114-E9DA-4571-8AE0-4C4C1CEF2DAC
Q22278561,Pat Kelly,Q488523,Conservative Party of Canada,Q16850493,Calgary Rocky Ridge,,,Q22278561-213BB1CC-6C6B-4268-8D16-979F9454806D
Q22278589,Kamal Khera,Q138345,Liberal Party of Canada,Q2923649,Brampton West,,,Q22278589-80EF72AE-E4FB-4097-9885-29F71E86E64A
Q22278594,Fayçal El-Khoury,Q138345,Liberal Party of Canada,Q3219763,Laval—Les Îles,,,Q22278594-13F11FAF-1E02-4CD7-B94D-0293E327B1C2
Q22278635,Robert Kitchen,Q488523,Conservative Party of Canada,Q3491962,Souris—Moose Mountain,,,Q22278635-032703CD-4223-4C7E-8512-27552BB24D68
Q22278649,Tom Kmiec,Q488523,Conservative Party of Canada,Q16850498,Calgary Shepard,,,Q22278649-B6F53D5F-6613-4821-84A0-82B559850A6B
Q22278896,Lloyd Longfield,Q138345,Liberal Party of Canada,Q3118872,Guelph,,,Q22278896-1B6C4386-931D-4B22-9E70-EDF0F5A0C429
Q22278956,Alistair MacGregor,Q130765,New Democratic Party,Q16952399,Cowichan—Malahat—Langford,,,Q22278956-5C74DE27-87BF-48BB-9F05-DDCC1A3C8461
Q22279113,Bryan May,Q138345,Liberal Party of Canada,Q2934691,Cambridge,,,Q22279113-B133898B-2F08-4E79-B552-804F30AD0113
Q22279147,Ron McKinnon,Q138345,Liberal Party of Canada,Q16951566,Coquitlam—Port Coquitlam,,,Q22279147-48D29162-8FDA-4252-A195-68C238AB5277
Q22279214,Marc Miller,Q138345,Liberal Party of Canada,Q16977201,Ville-Marie—Le Sud-Ouest—Île-des-Soeurs,,,Q22279214-AF31B3BA-B375-46F3-B03B-A211A0E62CB5
Q22279457,Jennifer O'Connell,Q138345,Liberal Party of Canada,Q16977690,Pickering—Uxbridge,,,Q22279457-3CC2756A-26C6-4B11-B7F5-80A53B1A6B53
Q22280066,Yves Robillard,Q138345,Liberal Party of Canada,Q3287683,Marc-Aurèle-Fortin,,,Q22280066-58F0BA29-C75C-40ED-B7A8-C258115F116A
Q22280112,Sherry Romanado,Q138345,Liberal Party of Canada,Q16979600,Longueuil—Charles-LeMoyne,,,Q22280112-3772B324-B9A1-443E-8E96-BDC00D790B4C
Q22280268,Darrell Samson,Q138345,Liberal Party of Canada,Q3460955,Sackville—Preston—Chezzetcook,,,Q22280268-6FF8DBEB-51F9-411F-8E8A-72C5ED899E70
Q22280309,Randeep Sarai,Q138345,Liberal Party of Canada,Q16977199,Surrey Centre,,,Q22280309-789DCD3C-36EF-4977-897D-CEE81FBAB343
Q22280358,Jamie Schmale,Q488523,Conservative Party of Canada,Q3125962,Haliburton—Kawartha Lakes—Brock,,,Q22280358-93CF2851-5314-4BE5-95E6-3F6AD1D30AFF
Q22282329,Anita Vandenbeld,Q138345,Liberal Party of Canada,Q3357746,Ottawa West—Nepean,,,Q22282329-07E543E7-7835-4018-8FC0-F8FC0E1D99B0
Q22282385,Salma Zahid,Q138345,Liberal Party of Canada,Q3475163,Scarborough Centre,,,Q22282385-F291A4F6-E420-49F3-A344-81823BFAE074
Q22442799,Marc Serré,Q138345,Liberal Party of Canada,Q3339824,Nickel Belt,,,Q22442799-CF5EACB0-F5F9-4F36-BEA3-711528652AFE
Q22704261,Karen Vecchio,Q488523,Conservative Party of Canada,Q3050861,Elgin—Middlesex—London,,,Q22704261-A43DFFE6-C09C-4D86-8A16-AE3DFB36DF18
Q22704264,Arif Virani,Q138345,Liberal Party of Canada,Q3365449,Parkdale—High Park,,,Q22704264-1A99CBF0-DFD9-4827-A5B9-2CD2D41BFCE5
Q22770985,Filomena Tassi,Q138345,Liberal Party of Canada,Q16979665,Hamilton West—Ancaster—Dundas,,,Q22770985-DFD8EFDE-B24F-4381-B331-55F5D13AB0B0
Q22770987,Martin Shields,Q488523,Conservative Party of Canada,Q2922698,Bow River,,,Q22770987-65A2F957-568D-468A-BE41-3A1D28E9D3BC
Q22770988,Sonia Sidhu,Q138345,Liberal Party of Canada,Q16966835,Brampton South,,,Q22770988-74D1FFCB-9022-4B01-AE93-3676ED0919A7
Q22770989,Kevin Waugh,Q488523,Conservative Party of Canada,Q16990152,Saskatoon—Grasswood,,,Q22770989-35505A17-CC4B-4172-B134-204804CDB2AE
Q2403422,Carolyn Bennett,Q138345,Liberal Party of Canada,Q3495297,Toronto—St. Paul's,,,Q2403422-1F867712-50D0-4472-89A9-D1E2C25D68CC
Q27663754,Glen Motz,Q488523,Conservative Party of Canada,Q767079,Medicine Hat—Cardston—Warner,,,Q27663754-41C28B80-F855-4B4F-B552-E8BF751D4738
Q2830317,Alain Therrien,Q735105,Bloc Québécois,Q3217787,La Prairie,,,Q2830317-0E0F2485-1F48-4420-BFED-06A8023683C8
Q2833301,Alexandra Mendès,Q138345,Liberal Party of Canada,Q16847474,Brossard—Saint-Lambert,,,Q2833301-5F43BD49-A2E5-4999-A31B-855F52C70642
Q2833494,Alexandre Boulerice,Q130765,New Democratic Party,Q7368487,Rosemont–La Petite-Patrie,,,Q2833494-37CBB83A-51EB-4361-907D-A3A5F481CC50
Q2846724,Andrew Scheer,Q488523,Conservative Party of Canada,Q3423524,Regina—Qu'Appelle,,,Q2846724-B9A3031F-9402-4128-ADB5-4AA4475811B5
Q2852943,Anthony Rota,Q138345,Liberal Party of Canada,Q3342105,Nipissing—Timiskaming,,,Q2852943-43F11CD5-9940-447C-A997-D6B576F9C55D
Q2895501,Ben Lobb,Q488523,Conservative Party of Canada,Q290779,Huron—Bruce,,,Q2895501-7A06FF18-DE26-40D4-9A8D-2260EB4FCE03
Q2898026,Bernard Généreux,Q488523,Conservative Party of Canada,Q3322832,Montmagny—L'Islet—Kamouraska—Rivière-du-Loup,,,Q2898026-DF3393A0-DDD6-4694-BA55-C1B651696C83
Q2905717,Blaine Calkins,Q488523,Conservative Party of Canada,Q16986104,Red Deer—Lacombe,,,Q2905717-E1F63EB4-5752-4FC0-ADE3-ABD4643B2641
Q2905842,Blake Richards,Q488523,Conservative Party of Canada,Q16837639,Banff—Airdrie,,,Q2905842-D0421793-4823-4298-AA35-F8F8F9BFF3E7
Q29138522,Mona Fortier,Q138345,Liberal Party of Canada,Q3357766,Ottawa—Vanier,,,Q29138522-131B4937-E4B4-40FD-B9D2-5CD746537D72
Q29139192,Bob Benzen,Q488523,Conservative Party of Canada,Q16850469,Calgary Heritage,,,Q29139192-FBD99CE8-13AA-48E7-920F-E2E5ABEC8E6F
Q29139548,Mary Ng,Q138345,Liberal Party of Canada,Q16977883,Markham—Thornhill,,,Q29139548-E58B9C0B-056E-4ECA-A2B6-D95D03F53701
Q29139551,Stephanie Kusie,Q488523,Conservative Party of Canada,Q16850474,Calgary Midnapore,,,Q29139551-0D3E425E-30E0-4E1C-BBF3-BEB601890337
Q29139554,Emmanuella Lambropoulos,Q138345,Liberal Party of Canada,Q3462729,Saint-Laurent,,,Q29139554-C09446F8-2D28-4184-9CF7-CCB1334AD4ED
Q2936261,Candice Bergen,Q488523,Conservative Party of Canada,Q3398756,Portage—Lisgar,,,Q2936261-36F7939D-C97C-4B9B-8653-0C8DF47B6989
Q2960818,Charlie Angus,Q130765,New Democratic Party,Q3529015,Timmins—James Bay,,,Q2960818-FFB0DE47-1A09-4BB2-93C5-165F7644E57F
Q2962814,Cheryl Gallant,Q488523,Conservative Party of Canada,Q3425442,Renfrew—Nipissing—Pembroke,,,Q2962814-F528C908-D0CE-4C09-B715-FB7531D8EA4C
Q2964888,Chris Warkentin,Q488523,Conservative Party of Canada,Q16982509,Grande Prairie—Mackenzie,,,Q2964888-F5E91779-915D-4E6E-AA6D-8D2420340ECA
Q2977252,Claude DeBellefeuille,Q735105,Bloc Québécois,Q16999438,Salaberry—Suroît,,,Q2977252-A7FE30CC-4D44-4785-848E-05210A822F42
Q2982579,Colin Carrie,Q488523,Conservative Party of Canada,Q3357223,Oshawa,,,Q2982579-B36613D8-BDA2-4280-A5E6-907B61B2A0A2
Q3013003,Dan Albas,Q488523,Conservative Party of Canada,Q16858686,Central Okanagan—Similkameen—Nicola,,,Q3013003-835D904B-60A6-480A-8AD4-B05CBE8B355E
Q3017193,Dave MacKenzie,Q488523,Conservative Party of Canada,Q3359048,Oxford,,,Q3017193-E57D945A-0EE4-48FD-B281-43BBA6F0DD7C
Q3018407,David McGuinty,Q138345,Liberal Party of Canada,Q3357747,Ottawa South,,,Q3018407-35E748E2-4930-4611-A015-728A87914AD5
Q3020613,Dean Allison,Q488523,Conservative Party of Canada,Q16977205,Niagara West,,,Q3020613-96DD8240-65C4-426C-9EAB-B1679198F1E3
Q3022947,Denis Trudel,Q735105,Bloc Québécois,Q21027519,Longueuil—Saint-Hubert,,,Q3022947-F848C23F-FC20-440F-A562-BD7531EB9C54
Q30302772,Simon-Pierre Savard-Tremblay,Q735105,Bloc Québécois,Q3462434,Saint-Hyacinthe—Bagot,,,Q30302772-0D457E4C-97E8-4D71-B761-A57572CABE93
Q3034854,Dominic LeBlanc,Q138345,Liberal Party of Canada,Q2893293,Beauséjour,,,Q3034854-E919882D-E110-4781-8C38-680F3663F709
Q3035523,Dominique Vien,Q488523,Conservative Party of Canada,Q3272022,Bellechasse—Les Etchemins—Lévis,,,Q3035523-63D994DF-7447-4E0F-8577-4B18CFB69BE9
Q3035763,Don Davies,Q130765,New Democratic Party,Q3554467,Vancouver Kingsway,,,Q3035763-C68932B5-4DFD-4D1A-A6F5-BBBE5A073536
Q3046379,Earl Dreeshen,Q488523,Conservative Party of Canada,Q16999879,Red Deer—Mountain View,,,Q3046379-33BE2E07-A443-454B-8E73-5BA876F303B6
Q3047171,Ed Fast,Q488523,Conservative Party of Canada,Q2820842,Abbotsford,,,Q3047171-00DAF768-0B7D-416D-B140-C384522A8356
Q3052684,Emmanuel Dubourg,Q138345,Liberal Party of Canada,Q2922232,Bourassa,,,Q3052684-1EC161FC-47F4-423F-92C7-15C2FAA6E941
Q3099714,Justin Trudeau,Q138345,Liberal Party of Canada,Q3362910,Papineau,2021-09-20,,Q3099714-EC57F8CF-43BA-4B0A-9A65-777A3A480A2E
Q3123899,Gérard Deltell,Q488523,Conservative Party of Canada,Q3260876,Louis-Saint-Laurent,,,Q3123899-BCDABBD4-F96E-47B3-83D3-ECD1CC619A5D
Q3129348,Hedy Fry,Q138345,Liberal Party of Canada,Q3554460,Vancouver Centre,,,Q3129348-BEB6D958-279B-4C18-BC67-ED69BC6FBDF1
Q3160637,Jake Stewart,Q488523,Conservative Party of Canada,Q17000012,Miramichi—Grand Lake,,,Q3160637-793796BA-E888-4889-BC90-231188B051A8
Q3160939,James Bezan,Q488523,Conservative Party of Canada,Q16978916,Selkirk—Interlake—Eastman,,,Q3160939-D4F55118-406D-4BDE-97DA-88571B417788
Q3182063,John McKay,Q138345,Liberal Party of Canada,Q3475168,Scarborough—Guildwood,,,Q3182063-7AFA8444-84BA-4058-AB2E-34FB08A1274D
Q3187235,Joyce Murray,Q138345,Liberal Party of Canada,Q3554466,Vancouver Quadra,,,Q3187235-067D89F0-24BB-4BE1-BC4E-8CE8ED494E76
Q3188045,Judy Sgro,Q138345,Liberal Party of Canada,Q3572594,Humber River—Black Creek,,,Q3188045-7ABE2B80-51B7-4881-ADBB-371D63602137
Q3195494,Kerry-Lynne Findlay,Q488523,Conservative Party of Canada,Q16999811,South Surrey—White Rock,,,Q3195494-BA19B678-5236-4981-9B0F-58485B96236F
Q3195738,Kevin Lamoureux,Q138345,Liberal Party of Canada,Q3569367,Winnipeg North,,,Q3195738-38631ECA-82CB-4404-8BF4-A4705FF5C97F
Q3197422,Kirsty Duncan,Q138345,Liberal Party of Canada,Q3059355,Etobicoke North,,,Q3197422-2BF5D84E-7C4E-460F-B836-3BE529B84D90
Q3219913,Lawrence MacAulay,Q138345,Liberal Party of Canada,Q2938039,Cardigan,,,Q3219913-A94DD02F-F029-47F0-B7BC-0DFDED325C73
Q3262931,Louis Plamondon,Q735105,Bloc Québécois,Q2886296,Bécancour—Nicolet—Saurel,,,Q3262931-BA62844F-453D-4655-B8ED-A6363B4EDB0C
Q3263709,Louise Chabot,Q735105,Bloc Québécois,Q16842973,Thérèse-De Blainville,,,Q3263709-0920B224-3BFE-4D80-96A2-B49D4540370A
Q3294109,Mark Holland,Q138345,Liberal Party of Canada,Q16960528,Ajax,,,Q3294109-92FF80F5-A419-4625-89B4-3A7D9A2838BB
Q3308109,Michael Chong,Q488523,Conservative Party of Canada,Q3567185,Wellington—Halton Hills,,,Q3308109-F87C69CA-3D39-4ACA-9E40-5E5F8B159DB7
Q3311457,Michelle Rempel Garner,Q488523,Conservative Party of Canada,Q2933912,Calgary Nose Hill,,,Q3311457-F07BE666-9463-4E55-BBBE-2D61341C4815
Q3313399,Mike Lake,Q488523,Conservative Party of Canada,Q16966798,Edmonton—Wetaskiwin,,,Q3313399-55EA446A-6A77-468B-AE90-9AEDF74D24C2
Q3341504,Niki Ashton,Q130765,New Democratic Party,Q16958326,Churchill—Keewatinook Aski,,,Q3341504-96D5DB56-25C4-4473-BB55-0D71C23D1742
Q3351821,Omar Alghabra,Q138345,Liberal Party of Canada,Q975611,Mississauga Centre,,,Q3351821-977D4955-2C00-4BBF-ABF5-AF3DD9018A92
Q3359999,Pablo Rodríguez,Q138345,Liberal Party of Canada,Q3140203,Honoré-Mercier,,,Q3359999-B467EED7-DC30-4CD2-9682-591C0F1C7715
Q3376681,Peter Julian,Q130765,New Democratic Party,Q681292,New Westminster—Burnaby,,,Q3376681-AC636C38-21E7-4F58-A309-151038E2A1A4
Q3386636,Pierre Poilievre,Q488523,Conservative Party of Canada,Q2939078,Carleton,2021-09-20,,Q3386636-3BD6229C-349D-4F55-8FE5-1AF2435B601F
Q3418804,Randall Garrison,Q130765,New Democratic Party,Q17092809,Esquimalt—Saanich—Sooke,,,Q3418804-9C326809-C74D-4A7A-8E84-A8C7501EB644
Q3434216,Rob Moore,Q488523,Conservative Party of Canada,Q267073,Fundy Royal,,,Q3434216-DA5DCE5E-AF07-44CE-B02F-154717AF87C5
Q3476240,Scott Reid,Q488523,Conservative Party of Canada,Q16976721,Lanark—Frontenac—Kingston,,,Q3476240-30FBC971-507E-452E-AB46-BFA4F64F3044
Q3476701,Sean Casey,Q138345,Liberal Party of Canada,Q2961057,Charlottetown,,,Q3476701-93F00D8B-F9D2-416C-A35C-8B81B4419243
Q3499230,Steven Guilbeault,Q138345,Liberal Party of Canada,Q3219676,Laurier—Sainte-Marie,2021-09-20,,Q3499230-48B93960-422A-471A-8C68-566B73A62F68
Q3501591,Stéphane Bergeron,Q735105,Bloc Québécois,Q16977815,Montarville,,,Q3501591-F8C47A18-28FD-4E05-9925-A8FB82E35CDF
Q3503377,Sukh Dhaliwal,Q138345,Liberal Party of Canada,Q16979255,Surrey—Newton,,,Q3503377-1B1A1B92-03D1-4EF0-B628-9FF36A5338DF
Q3528703,Tim Uppal,Q488523,Conservative Party of Canada,Q16974434,Edmonton Mill Woods,,,Q3528703-B9EC07C4-15EB-4B6A-A44A-CCC6C6432BB5
Q3573412,Yves-François Blanchet,Q735105,Bloc Québécois,Q16840121,Belœil—Chambly,,,Q3573412-10280464-1094-404A-BDC9-A67E03DDB21E
Q42308688,Dane Lloyd,Q488523,Conservative Party of Canada,Q16977239,Sturgeon River—Parkland,,,Q42308688-DA039C14-E363-4C93-80B2-FC686E1DF415
Q42666524,Rosemarie Falk,Q488523,Conservative Party of Canada,Q2891841,Battlefords—Lloydminster,,,Q42666524-22E22D2E-61DA-40AB-8691-CAB8BB37CB3A
Q445620,Elizabeth May,Q691730,Green Party of Canada,Q3460439,Saanich—Gulf Islands,,,Q445620-81694447-3ADF-4D16-9D25-7DC495DEE49B
Q4492815,Chrystia Freeland,Q138345,Liberal Party of Canada,Q16977089,University—Rosedale,,,Q4492815-5B10A67F-A0C9-4B6A-ADBE-899E306E6BEB
Q45311068,Churence Rogers,Q138345,Liberal Party of Canada,Q16844235,Bonavista—Burin—Trinity,,,Q45311068-1DF35BD2-DC37-423E-BE04-7A8EF782D600
Q45311888,Jean Yip,Q138345,Liberal Party of Canada,Q3475169,Scarborough—Agincourt,,,Q45311888-5267F9AC-0735-40A8-96CE-F00D42C6AB08
Q4772746,Anthony Housefather,Q138345,Liberal Party of Canada,Q3321616,Mount Royal,,,Q4772746-5A30C435-CBED-4A7B-A0F4-D1DC86A9F220
Q4908168,Bill Blair,Q138345,Liberal Party of Canada,Q3475165,Scarborough Southwest,,,Q4908168-CA1F047A-2953-4EA4-8B93-80EBCCA8D4A7
Q4934493,Bob Zimmer,Q488523,Conservative Party of Canada,Q3403325,Prince George—Peace River—Northern Rockies,,,Q4934493-9597761A-231E-4BAA-95B8-BC64D708BBC2
Q4935396,Bobby Morrissey,Q138345,Liberal Party of Canada,Q3049209,Egmont,,,Q4935396-71ECFB49-206C-4A41-881D-D7BFA327FE22
Q5108569,Chris d'Entremont,Q488523,Conservative Party of Canada,Q3345310,West Nova,,,Q5108569-5492410A-9B11-43B7-A998-6218A336BEDC
Q5170456,Corey Tochor,Q488523,Conservative Party of Canada,Q16979773,Saskatoon—University,,,Q5170456-C012D65B-3321-44D6-8588-FFA73B02EB06
Q5214525,Dan Vandal,Q138345,Liberal Party of Canada,Q16983980,Saint Boniface—Saint Vital,,,Q5214525-48C682D3-BFD9-4BCC-8CC8-66AFDDA2ED0E
Q529968,Brian Masse,Q130765,New Democratic Party,Q3569303,Windsor West,,,Q529968-380AC6C6-66CE-4F1B-B761-E50D18F9FD8B
Q55122163,George Chahal,Q138345,Liberal Party of Canada,Q16850507,Calgary Skyview,,,Q55122163-5CD66526-7F9B-4673-AB20-B3C698E0AC84
Q55127770,Marty Morantz,Q488523,Conservative Party of Canada,Q2960785,Charleswood—St. James—Assiniboia—Headingley,,,Q55127770-7E73284E-4830-4803-A269-B5767D079BA4
Q55584744,Laila Goodridge,Q488523,Conservative Party of Canada,Q16977823,Fort McMurray—Cold Lake,,,Q55584744-DAE74170-E734-4A25-8FA7-9332EE383C3A
Q5703595,Helena Jaczek,Q138345,Liberal Party of Canada,Q16977352,Markham—Stouffville,,,Q5703595-0CD338A3-4AE0-4945-89A7-723CC9979B60
Q59240247,Jenna Sudds,Q138345,Liberal Party of Canada,Q17088451,Kanata—Carleton,,,Q59240247-F5F3375D-0ABA-46C5-821A-8400D4751331
Q6122681,Jagmeet Singh,Q130765,New Democratic Party,Q16966970,Burnaby South,,,Q6122681-D3D9A080-AB52-4732-9C47-34C740D82817
Q6179373,Jenny Kwan,Q130765,New Democratic Party,Q958124,Vancouver East,,,Q6179373-265A5535-0AF2-487B-8A17-A702C9629CBE
Q61881929,Scot Davidson,Q488523,Conservative Party of Canada,Q3572619,York—Simcoe,,,Q61881929-A6CC6260-30F7-49E3-9980-E3CFC51E4EE4
Q61881930,Rachel Bendayan,Q138345,Liberal Party of Canada,Q3358662,Outremont,,,Q61881930-8D9DF50F-C99B-4A03-BA88-AA4D75986EA6
Q6194065,Jim Carr,Q138345,Liberal Party of Canada,Q3569366,Winnipeg South Centre,,,Q6194065-A10D6CD4-F5AD-4EB5-8A06-5A931D829D4C
Q62940707,Irek Kusmierczyk,Q138345,Liberal Party of Canada,Q3569307,Windsor—Tecumseh,,,Q62940707-8A9EE734-94D7-4352-9EBB-7B7FFCCD1540
Q6385949,Kelly Block,Q488523,Conservative Party of Canada,Q16985258,Carlton Trail—Eagle Creek,,,Q6385949-98022447-2396-4450-AE6F-2DF15BDC419D
Q6451430,Kyle Seeback,Q488523,Conservative Party of Canada,Q602263,Dufferin—Caledon,,,Q6451430-459C1DC0-EEE7-4051-B36B-FA7B1BDABA97
Q6490735,Larry Maguire,Q488523,Conservative Party of Canada,Q2923794,Brandon—Souris,,,Q6490735-D7E6D817-B57F-4F44-8A6C-935898A84371
Q6522015,Len Webber,Q488523,Conservative Party of Canada,Q16850460,Calgary Confederation,,,Q6522015-CB8F0B53-2972-4287-B4CA-89DF31E273CB
Q67442310,Anita Anand,Q138345,Liberal Party of Canada,Q14875369,Oakville,,,Q67442310-6C280530-1BDF-46B5-8A48-4E31E5D37E09
Q6755491,Marc Dalton,Q488523,Conservative Party of Canada,Q16979770,Pitt Meadows—Maple Ridge,,,Q6755491-F4E404C3-6CE8-4F05-8888-5BDD8338620A
Q6757065,Marci Ien,Q138345,Liberal Party of Canada,Q921653,Toronto Centre,,,Q6757065-3F4FFF11-0DDC-4D64-BB64-C93D1965B4C3
Q6788847,Matt Jeneroux,Q488523,Conservative Party of Canada,Q16966795,Edmonton Riverbend,,,Q6788847-0FF7EE7E-07DA-44F8-8921-7F91AE95E3EE
Q6829490,Michael Coteau,Q138345,Liberal Party of Canada,Q3035922,Don Valley East,,,Q6829490-C25C515C-75FF-45FA-87C1-56990E46DD96
Q6832752,Michael McLeod,Q138345,Liberal Party of Canada,Q606515,Northwest Territories,,,Q6832752-947E08BD-ADF3-4273-A3E5-BF157EBFC0E7
Q703321,Marc Garneau,Q138345,Liberal Party of Canada,Q17044892,Notre-Dame-de-Grâce—Westmount,,,Q703321-C64ACBA5-8BB4-4C06-A41D-F6166D68E6F7
Q7174026,Peter Fonseca,Q138345,Liberal Party of Canada,Q3316906,Mississauga East—Cooksville,,,Q7174026-2850447C-7420-4AA0-9379-08EA95FC3F1C
Q71894607,Richard Bragdon,Q488523,Conservative Party of Canada,Q614586,Tobique—Mactaquac,,,Q71894607-5161400E-539C-41CB-8CEE-5B4482798A08
Q71912401,Scott Aitchison,Q488523,Conservative Party of Canada,Q3366038,Parry Sound—Muskoka,,,Q71912401-F07B2003-D495-4D65-8C0B-28C6950B91D2
Q71920812,Dan Mazier,Q488523,Conservative Party of Canada,Q16959462,Dauphin—Swan River—Neepawa,,,Q71920812-F6B7E7EB-C835-4D00-9829-00EB8EF395CE
Q71920836,Gary Vidal,Q488523,Conservative Party of Canada,Q3024533,Desnethé—Missinippi—Churchill River,,,Q71920836-6B2E5239-82E0-469A-AE9D-C0D47C9E2192
Q71920855,Heather McPherson,Q130765,New Democratic Party,Q3048071,Edmonton Strathcona,,,Q71920855-EDED5386-0D2E-4EF9-9097-F700C2CA3C2B
Q71920882,Jeremy Patzer,Q488523,Conservative Party of Canada,Q3008864,Cypress Hills—Grasslands,,,Q71920882-6DA07E2B-E331-4369-BB5B-4C9F7EEDB6F5
Q71920912,Damien Kurek,Q488523,Conservative Party of Canada,Q16950705,Battle River—Crowfoot,,,Q71920912-C1456099-E687-4BB6-A5BF-F4BC0F9258C5
Q71920931,Greg McLean,Q488523,Conservative Party of Canada,Q2933894,Calgary Centre,,,Q71920931-B53CF2D7-C45C-45C1-82AB-AAE98A859784
Q71920975,Richard Lehoux,Q488523,Conservative Party of Canada,Q2893126,Beauce,,,Q71920975-E9106513-641A-402A-B235-D5AEAE70D8C2
Q71921009,Jenica Atwin,Q138345,Liberal Party of Canada,Q3087204,Fredericton,,,Q71921009-DE085C91-1E3E-43CC-955C-AC46E86F6DA5
Q71921024,Jasraj Hallan,Q488523,Conservative Party of Canada,Q16850464,Calgary Forest Lawn,,,Q71921024-17DEA518-D894-4178-9DE7-812B8BA9CA12
Q71929780,Ryan Turnbull,Q138345,Liberal Party of Canada,Q16967060,Whitby,,,Q71929780-84908EB3-88B1-4662-BD58-ED6F2DE81A75
Q71929797,Marcus Powlowski,Q138345,Liberal Party of Canada,Q3526042,Thunder Bay—Rainy River,,,Q71929797-7B9AB37F-4AE5-43B9-A826-3A79C8C9071B
Q71929868,Tony Baldinelli,Q488523,Conservative Party of Canada,Q3339434,Niagara Falls,,,Q71929868-994586D4-8804-4489-ADEB-9E9A4FE3CEF7
Q71929888,Terry Dowdall,Q488523,Conservative Party of Canada,Q3484122,Simcoe—Grey,,,Q71929888-7F0B5BC3-9CF1-4615-B1BE-27A1A064AFF4
Q71929907,Alex Ruff,Q488523,Conservative Party of Canada,Q2926493,Bruce—Grey—Owen Sound,,,Q71929907-47E8F88A-A195-4D98-91DC-AC3E96E45708
Q71929935,Dave Epp,Q488523,Conservative Party of Canada,Q16961184,Chatham-Kent—Leamington,,,Q71929935-9940B436-2711-4599-8AE4-3AC225B90DF5
Q71929954,Doug Shipley,Q488523,Conservative Party of Canada,Q16950439,Barrie—Springwater—Oro-Medonte,,,Q71929954-5231438C-0558-4B3E-881D-9F6B8F3AB5EE
Q71929973,Kody Blois,Q138345,Liberal Party of Canada,Q3197141,Kings—Hants,,,Q71929973-6D2E8C5F-DE40-467F-9BFC-DE74B348E517
Q71930000,Mike Kelloway,Q138345,Liberal Party of Canada,Q2937241,Cape Breton—Canso,,,Q71930000-655A236F-55BC-402C-83B5-F485D54AD9C6
Q71930019,Lianne Rood,Q488523,Conservative Party of Canada,Q3216699,Lambton—Kent—Middlesex,,,Q71930019-9A53B8BA-8BBD-42A4-AC1C-708B39D2A557
Q71936954,Rob Morrison,Q488523,Conservative Party of Canada,Q3198835,Kootenay—Columbia,,,Q71936954-BB63AAA5-C83B-4789-9F78-6F5DC438BF89
Q71936974,Tracy Gray,Q488523,Conservative Party of Canada,Q3194929,Kelowna—Lake Country,,,Q71936974-4E9E540B-0A9B-44AB-A7DD-CE0012E2431E
Q71936984,Patrick Weiler,Q138345,Liberal Party of Canada,Q3567450,West Vancouver—Sunshine Coast—Sea to Sky Country,,,Q71936984-195C8191-6999-44FA-A5C9-F8330EC27467
Q71936991,Raquel Dancho,Q488523,Conservative Party of Canada,Q3196587,Kildonan—St. Paul,,,Q71936991-DD562E65-0B69-41A9-9E9B-733D05A91FF9
Q71936994,Taylor Bachrach,Q130765,New Democratic Party,Q3486212,Skeena—Bulkley Valley,,,Q71936994-4CF8F2B5-2B01-445B-B140-A5262CA25D58
Q71937024,Leah Gazan,Q130765,New Democratic Party,Q3569365,Winnipeg Centre,,,Q71937024-D31DAEE0-6C38-4796-AF15-B7902E13FB62
Q71937029,Brad Redekopp,Q488523,Conservative Party of Canada,Q3473801,Saskatoon West,,,Q71937029-0B07ABFB-23B7-4BF6-940D-353A21281D77
Q71937041,Eric Melillo,Q488523,Conservative Party of Canada,Q3195247,Kenora,,,Q71937041-900C5BA6-C050-4E28-A366-CC9033DC4824
Q71937055,Eric Duncan,Q488523,Conservative Party of Canada,Q3499856,Stormont—Dundas—South Glengarry,,,Q71937055-2AC88043-B61C-40FE-BECC-197E76817439
Q71942357,Lindsay Mathyssen,Q130765,New Democratic Party,Q3258986,London—Fanshawe,,,Q71942357-E42DCDE8-1DBF-4878-8FF4-9ABD6A7ED45F
Q71942395,Brad Vis,Q488523,Conservative Party of Canada,Q16999752,Mission—Matsqui—Fraser Canyon,,,Q71942395-E4DF43B2-DA79-48CB-B4C9-42BF57A5970C
Q71942460,Laurel Collins,Q130765,New Democratic Party,Q3557672,Victoria,,,Q71942460-1F8E3A42-4987-4862-9260-B84705FA3A54
Q71942473,Maninder Sidhu,Q138345,Liberal Party of Canada,Q16953382,Brampton East,,,Q71942473-C21E96CF-1B9C-4951-8F38-CF36AEF8712F
Q71973951,Kristina Michaud,Q735105,Bloc Québécois,Q16836105,Avignon—La Mitis—Matane—Matapédia,,,Q71973951-A0B424E7-5D78-4C1A-9235-8002BADC73A4
Q71991319,Julie Vignola,Q735105,Bloc Québécois,Q2893257,Beauport—Limoilou,,,Q71991319-FF52052B-87EB-4DEF-BB30-B749484C9323
Q72012003,Sameer Zuberi,Q138345,Liberal Party of Canada,Q600123,Pierrefonds—Dollard,,,Q72012003-9846F8CB-0FD2-40F0-8BF8-9F48108A1C6B
Q72012015,Soraya Martinez Ferrada,Q138345,Liberal Party of Canada,Q3138926,Hochelaga,,,Q72012015-D64363A9-2782-47EC-8177-D56C6D6254F2
Q72012050,Annie Koutrakis,Q138345,Liberal Party of Canada,Q16978570,Vimy,,,Q72012050-718DDF1A-5402-4046-B529-DA85B42A252C
Q72012105,Élisabeth Brière,Q138345,Liberal Party of Canada,Q3481910,Sherbrooke,,,Q72012105-6F698610-A1DD-470E-9A31-6ED36E5BE0AE
Q72012161,Andréanne Larouche,Q735105,Bloc Québécois,Q3481722,Shefford,,,Q72012161-B8FF1508-1123-4C97-8290-ECAE095424ED
Q72091608,Caroline Desbiens,Q735105,Bloc Québécois,Q528161,Beauport—Côte-de-Beaupré—Île d'Orléans—Charlevoix,,,Q72091608-6484FD9C-614A-4EB9-B91A-798F0AEDBE2F
Q72093411,Sylvie Bérubé,Q735105,Bloc Québécois,Q2821651,Abitibi—Baie-James—Nunavik—Eeyou,,,Q72093411-BF4D899C-CD96-4077-BD00-7393DF464229
Q72177965,Sébastien Lemire,Q735105,Bloc Québécois,Q2821652,Abitibi—Témiscamingue,,,Q72177965-256704A3-049A-4AB5-A168-9822A5C7FBDE
Q72194331,Alexis Brunelle-Duceppe,Q735105,Bloc Québécois,Q3214650,Lac-Saint-Jean,,,Q72194331-79369120-D88E-4EBA-BA15-2F5A007A74D2
Q72219274,Christine Normandin,Q735105,Bloc Québécois,Q3462577,Saint-Jean,,,Q72219274-95C23A8D-D788-4F73-BCC8-45558DD01A8C
Q72219314,Gerald Soroka,Q488523,Conservative Party of Canada,Q3572142,Yellowhead,,,Q72219314-312E4214-78B2-486A-939D-43B58B80A494
Q72219386,Luc Desilets,Q735105,Bloc Québécois,Q3433602,Rivière-des-Mille-Îles,,,Q72219386-C099E052-3835-48F7-A690-D71DBB4665B0
Q72219402,Mario Simard,Q735105,Bloc Québécois,Q3183620,Jonquière,,,Q72219402-EB1B171B-0D49-4B38-90BE-242F2B33B1B4
Q72219413,Martin Champoux,Q735105,Bloc Québécois,Q3040119,Drummond,,,Q72219413-7CF85678-1DFF-4185-B095-F9B48EBAF4CA
Q72219417,Maxime Blanchette-Joncas,Q735105,Bloc Québécois,Q3432128,Rimouski-Neigette—Témiscouata—Les Basques,,,Q72219417-1FF53348-D3CD-49BB-913B-2E5AFF721F06
Q72219423,Michael Kram,Q488523,Conservative Party of Canada,Q3423526,Regina—Wascana,,,Q72219423-C16F82C5-E439-4103-9BED-8E1E8F9BCA17
Q72219707,Marie-Hélène Gaudreau,Q735105,Bloc Québécois,Q3219613,Laurentides—Labelle,,,Q72219707-3ACD79B3-9E1A-492C-BD50-18173A430A9E
Q72219741,Yves Perron,Q735105,Bloc Québécois,Q2899323,Berthier—Maskinongé,,,Q72219741-73272EAC-5241-492A-9AF1-5BC36C5D9A41
Q7292236,Randy Hoback,Q488523,Conservative Party of Canada,Q3403304,Prince Albert,,,Q7292236-29715D49-7FE5-4EB7-860D-1F867C99E297
Q73210893,Tim Louis,Q138345,Liberal Party of Canada,Q3197577,Kitchener—Conestoga,,,Q73210893-1003355B-FA59-4ADF-AA0E-C5386812B830
Q7340436,Rob Oliphant,Q138345,Liberal Party of Canada,Q3035926,Don Valley West,,,Q7340436-3984FD3C-9DFA-4CE6-88E9-9EC6C20D0E12
Q7364077,Ron Liepert,Q488523,Conservative Party of Canada,Q16954913,Calgary Signal Hill,,,Q7364077-43D5CECB-86DC-4F58-959D-C4959EF6E89A
Q7440780,Seamus O'Regan,Q138345,Liberal Party of Canada,Q3495269,St. John's South—Mount Pearl,,,Q7440780-9D94F3E9-7DA1-4BCF-8F83-C80528F7CB53
Q7679141,Taleeb Noormohamed,Q138345,Liberal Party of Canada,Q17101508,Vancouver Granville,2021-09-01,,Q7679141-24852EE8-0BA5-4D79-B9D9-979AFCDFDAAA
Q7704329,Terry Duguid,Q138345,Liberal Party of Canada,Q3569370,Winnipeg South,,,Q7704329-F7E6CEA8-1DB7-4D77-868E-89132D07B235
Q771878,Mark Strahl,Q488523,Conservative Party of Canada,Q16957671,Chilliwack—Hope,,,Q771878-EC50F754-C088-44F2-B673-B78FD03922B5
Q774134,Jacques Gourde,Q488523,Conservative Party of Canada,Q3259970,Lévis—Lotbinière,,,Q774134-FE88BBDD-D8B0-4A99-B162-9EA832D6DB84
Q7823611,Tony Van Bynen,Q138345,Liberal Party of Canada,Q3339132,Newmarket—Aurora,,,Q7823611-22947F56-D8B1-47F9-87F9-BFB8CBC777CE
Q7970499,Warren Steinley,Q488523,Conservative Party of Canada,Q16990355,Regina—Lewvan,,,Q7970499-8E76B495-2F7F-44E6-8E72-A3ECD6CB4D23
Q8049806,Yasir Naqvi,Q138345,Liberal Party of Canada,Q3357743,Ottawa Centre,,,Q8049806-572488F3-85C3-4383-B966-0DC5309516D1
Q8062466,Yvonne Jones,Q138345,Liberal Party of Canada,Q3214536,Labrador,,,Q8062466-DFB90A73-DCDD-45E0-B58C-DC71357EF0D9
Q81142481,Chris Lewis,Q488523,Conservative Party of Canada,Q3058748,Essex,,,Q81142481-C644D963-3F6D-41EB-AFED-FE8CD307AA04
Q81496,Adam van Koeverden,Q138345,Liberal Party of Canada,Q16969295,Milton,,,Q81496-122E2A57-3640-4013-8340-5C5FF785C704
Q85784352,Matthew Green,Q130765,New Democratic Party,Q3126446,Hamilton Centre,,,Q85784352-5CAC3185-6B58-47B2-AA66-2F3448AA6D90
Q85784352,Matthew Green,Q130765,New Democratic Party,Q3126446,Hamilton Centre,2019-10-21,,Q85784352-C85C6FD0-771A-4A92-AF57-9B74B7479EA7
Q85793092,Philip Lawrence,Q488523,Conservative Party of Canada,Q16977243,Northumberland—Peterborough South,,,Q85793092-9BC05260-5081-4FBE-BA66-3BCB02B11E62
Q94691482,Leslyn Lewis,Q488523,Conservative Party of Canada,Q5641291,Haldimand—Norfolk,,,Q94691482-7DA32842-E613-43F2-8D4D-D0A40FB86E3F
Q955143,Francis Scarpaleggia,Q138345,Liberal Party of Canada,Q3214654,Lac-Saint-Louis,,,Q955143-36BBCAE6-0F75-4EEE-BCE1-C50F9ABCA530
