item,name,group,groupname,district,districtname
Q2905842,Blake Richards,Q488523,Conservative,Q16837639,Banff—Airdrie
Q71920912,Damien Kurek,Q488523,Conservative,Q16950705,Battle River—Crowfoot
Q22770987,Martin Shields,Q488523,Conservative,Q2922698,Bow River
Q71920931,Greg McLean,Q488523,Conservative,Q2933894,Calgary Centre
Q6522015,Len Webber,Q488523,Conservative,Q16850460,Calgary Confederation
Q71921024,Jasraj Hallan,Q488523,Conservative,Q16850464,Calgary Forest Lawn
Q29139192,Bob Benzen,Q488523,Conservative,Q16850469,Calgary Heritage
Q29139551,Stephanie Kusie,Q488523,Conservative,Q16850474,Calgary Midnapore
Q3311457,Michelle Rempel Garner,Q488523,Conservative,Q2933912,Calgary Nose Hill
Q22278561,Pat Kelly,Q488523,Conservative,Q16850493,Calgary Rocky Ridge
Q22278649,Tom Kmiec,Q488523,Conservative,Q16850498,Calgary Shepard
Q7364077,Ron Liepert,Q488523,Conservative,Q16954913,Calgary Signal Hill
Q55122163,George Chahal,Q138345,Liberal,Q16850507,Calgary Skyview
Q21572842,Randy Boissonnault,Q138345,Liberal,Q3048042,Edmonton Centre
Q108628440,Blake Desjarlais,Q130765,New Democratic,Q16966780,Edmonton Griesbach
Q22002979,Ziad Aboultaif,Q488523,Conservative,Q16966789,Edmonton Manning
Q3528703,Tim Uppal,Q488523,Conservative,Q16974434,Edmonton Mill Woods
Q6788847,Matt Jeneroux,Q488523,Conservative,Q16966795,Edmonton Riverbend
Q71920855,Heather McPherson,Q130765,New Democratic,Q3048071,Edmonton Strathcona
Q22006757,Kelly McCauley,Q488523,Conservative,Q3048051,Edmonton West
Q3313399,Mike Lake,Q488523,Conservative,Q16966798,Edmonton—Wetaskiwin
Q17305669,John Barlow,Q488523,Conservative,Q16977569,Foothills
Q55584744,Laila Goodridge,Q488523,Conservative,Q16977823,Fort McMurray—Cold Lake
Q2964888,Chris Warkentin,Q488523,Conservative,Q16982509,Grande Prairie—Mackenzie
Q22114010,Shannon Stubbs,Q488523,Conservative,Q3216473,Lakeland
Q22278125,Rachael Harder,Q488523,Conservative,Q3236894,Lethbridge
Q27663754,Glen Motz,Q488523,Conservative,Q767079,Medicine Hat—Cardston—Warner
Q21872800,Arnold Viersen,Q488523,Conservative,Q17092367,Peace River—Westlock
Q2905717,Blaine Calkins,Q488523,Conservative,Q16986104,Red Deer—Lacombe
Q3046379,Earl Dreeshen,Q488523,Conservative,Q16999879,Red Deer—Mountain View
Q21642507,Garnett Genuis,Q488523,Conservative,Q16986155,Sherwood Park—Fort Saskatchewan
Q21642395,Michael Cooper,Q488523,Conservative,Q16977238,St. Albert—Edmonton
Q42308688,Dane Lloyd,Q488523,Conservative,Q16977239,Sturgeon River—Parkland
Q72219314,Gerald Soroka,Q488523,Conservative,Q3572142,Yellowhead
Q3047171,Ed Fast,Q488523,Conservative,Q2820842,Abbotsford
Q21716242,Terry Beech,Q138345,Liberal,Q16954585,Burnaby North—Seymour
Q6122681,Jagmeet Singh,Q130765,New Democratic,Q16966970,Burnaby South
Q22277600,Todd Doherty,Q488523,Conservative,Q2938767,Cariboo—Prince George
Q3013003,Dan Albas,Q488523,Conservative,Q16858686,Central Okanagan—Similkameen—Nicola
Q771878,Mark Strahl,Q488523,Conservative,Q16957671,Chilliwack—Hope
Q22276751,John Aldag,Q138345,Liberal,Q16949372,Cloverdale—Langley City
Q22279147,Ron McKinnon,Q138345,Liberal,Q16951566,Coquitlam—Port Coquitlam
Q22278424,Gord Johns,Q130765,New Democratic,Q16952299,Courtenay—Alberni
Q22278956,Alistair MacGregor,Q130765,New Democratic,Q16952399,Cowichan—Malahat—Langford
Q21384927,Carla Qualtrough,Q138345,Liberal,Q3021905,Delta
Q3418804,Randall Garrison,Q130765,New Democratic,Q17092809,Esquimalt—Saanich—Sooke
Q22004772,Ken Hardie,Q138345,Liberal,Q3073517,Fleetwood—Port Kells
Q108650398,Frank Caputo,Q488523,Conservative,Q3192457,Kamloops—Thompson—Cariboo
Q71936974,Tracy Gray,Q488523,Conservative,Q3194929,Kelowna—Lake Country
Q71936954,Rob Morrison,Q488523,Conservative,Q3198835,Kootenay—Columbia
Q105490025,Tako van Popta,Q488523,Conservative,Q16999141,Langley—Aldergrove
Q71942395,Brad Vis,Q488523,Conservative,Q16999752,Mission—Matsqui—Fraser Canyon
Q108686167,Lisa Marie Barron,Q130765,New Democratic,Q16979413,Nanaimo—Ladysmith
Q3376681,Peter Julian,Q130765,New Democratic,Q681292,New Westminster—Burnaby
Q21572837,Rachel Blaney,Q130765,New Democratic,Q3344130,North Island—Powell River
Q22003182,Mel Arnold,Q488523,Conservative,Q512649,North Okanagan—Shuswap
Q21716310,Jonathan Wilkinson,Q138345,Liberal,Q3344177,North Vancouver
Q6755491,Marc Dalton,Q488523,Conservative,Q16979770,Pitt Meadows—Maple Ridge
Q108619058,Bonita Zarrillo,Q130765,New Democratic,Q3398378,Port Moody—Coquitlam
Q4934493,Bob Zimmer,Q488523,Conservative,Q3403325,Prince George—Peace River—Northern Rockies
Q108671561,Wilson Miao,Q138345,Liberal,Q3431468,Richmond Centre
Q445620,Elizabeth May,Q691730,Green,Q3460439,Saanich—Gulf Islands
Q71936994,Taylor Bachrach,Q130765,New Democratic,Q3486212,Skeena—Bulkley Valley
Q21228464,Richard Cannings,Q130765,New Democratic,Q16999989,South Okanagan—West Kootenay
Q3195494,Kerry-Lynne Findlay,Q488523,Conservative,Q16999811,South Surrey—White Rock
Q108655435,Parm Bains,Q138345,Liberal,Q16999753,Steveston—Richmond East
Q22280309,Randeep Sarai,Q138345,Liberal,Q16977199,Surrey Centre
Q3503377,Sukh Dhaliwal,Q138345,Liberal,Q16979255,Surrey—Newton
Q3129348,Hedy Fry,Q138345,Liberal,Q3554460,Vancouver Centre
Q6179373,Jenny Kwan,Q130765,New Democratic,Q958124,Vancouver East
Q7679141,Taleeb Noormohamed,Q138345,Liberal,Q17101508,Vancouver Granville
Q3035763,Don Davies,Q130765,New Democratic,Q3554467,Vancouver Kingsway
Q3187235,Joyce Murray,Q138345,Liberal,Q3554466,Vancouver Quadra
Q21336246,Harjit Sajjan,Q138345,Liberal,Q3554462,Vancouver South
Q71942460,Laurel Collins,Q130765,New Democratic,Q3557672,Victoria
Q71936984,Patrick Weiler,Q138345,Liberal,Q3567450,West Vancouver—Sunshine Coast—Sea to Sky Country
Q6490735,Larry Maguire,Q488523,Conservative,Q2923794,Brandon—Souris
Q55127770,Marty Morantz,Q488523,Conservative,Q2960785,Charleswood—St. James—Assiniboia—Headingley
Q3341504,Niki Ashton,Q130765,New Democratic,Q16958326,Churchill—Keewatinook Aski
Q71920812,Dan Mazier,Q488523,Conservative,Q16959462,Dauphin—Swan River—Neepawa
Q21642319,Daniel Blaikie,Q130765,New Democratic,Q3051614,Elmwood—Transcona
Q71936991,Raquel Dancho,Q488523,Conservative,Q3196587,Kildonan—St. Paul
Q2936261,Candice Bergen,Q488523,Conservative,Q3398756,Portage—Lisgar
Q15300563,Ted Falk,Q488523,Conservative,Q3408277,Provencher
Q5214525,Dan Vandal,Q138345,Liberal,Q16983980,Saint Boniface—Saint Vital
Q3160939,James Bezan,Q488523,Conservative,Q16978916,Selkirk—Interlake—Eastman
Q71937024,Leah Gazan,Q130765,New Democratic,Q3569365,Winnipeg Centre
Q3195738,Kevin Lamoureux,Q138345,Liberal,Q3569367,Winnipeg North
Q7704329,Terry Duguid,Q138345,Liberal,Q3569370,Winnipeg South
Q6194065,Jim Carr,Q138345,Liberal,Q3569366,Winnipeg South Centre
Q21572911,Serge Cormier,Q138345,Liberal,Q2822240,Acadie—Bathurst
Q3034854,Dominic LeBlanc,Q138345,Liberal,Q2893293,Beauséjour
Q71921009,Jenica Atwin,Q138345,Liberal,Q3087204,Fredericton
Q3434216,Rob Moore,Q488523,Conservative,Q267073,Fundy Royal
Q21713409,René Arseneault,Q138345,Liberal,Q3275454,Madawaska—Restigouche
Q3160637,Jake Stewart,Q488523,Conservative,Q17000012,Miramichi—Grand Lake
Q21714336,Ginette Petitpas Taylor,Q138345,Liberal,Q3320478,Moncton—Riverview—Dieppe
Q14946726,John Williamson,Q488523,Conservative,Q3345015,New Brunswick Southwest
Q21714343,Wayne Long,Q138345,Liberal,Q16979314,Saint John—Rothesay
Q71894607,Richard Bragdon,Q488523,Conservative,Q614586,Tobique—Mactaquac
Q21066146,Ken McDonald,Q138345,Liberal,Q2873260,Avalon
Q45311068,Churence Rogers,Q138345,Liberal,Q16844235,Bonavista—Burin—Trinity
Q108687511,Clifford Small,Q488523,Conservative,Q16949517,Coast of Bays—Central—Notre Dame
Q8062466,Yvonne Jones,Q138345,Liberal,Q3214536,Labrador
Q22005483,Gudie Hutchings,Q138345,Liberal,Q16990299,Long Range Mountains
Q108687503,Joanne Thompson,Q138345,Liberal,Q3495268,St. John's East
Q7440780,Seamus O'Regan,Q138345,Liberal,Q3495269,St. John's South—Mount Pearl
Q71930000,Mike Kelloway,Q138345,Liberal,Q2937241,Cape Breton—Canso
Q21642492,Sean Fraser,Q138345,Liberal,Q3345304,Central Nova
Q108687492,Stephen Ellis,Q488523,Conservative,Q3007524,Cumberland—Colchester
Q22004363,Darren Fisher,Q138345,Liberal,Q3016601,Dartmouth—Cole Harbour
Q21174009,Andy Fillmore,Q138345,Liberal,Q2604650,Halifax
Q15296602,Lena Diab,Q138345,Liberal,Q3125968,Halifax West
Q71929973,Kody Blois,Q138345,Liberal,Q3197141,Kings—Hants
Q22280268,Darrell Samson,Q138345,Liberal,Q3460955,Sackville—Preston—Chezzetcook
Q108694829,Rick Perkins,Q488523,Conservative,Q3492274,South Shore—St. Margaret's
Q19955984,Jaime Battiste,Q138345,Liberal,Q3506854,Sydney—Victoria
Q5108569,Chris d'Entremont,Q488523,Conservative,Q3345310,West Nova
Q3294109,Mark Holland,Q138345,Liberal,Q16960528,Ajax
Q16192760,Carol Hughes,Q130765,New Democratic,Q2835750,Algoma—Manitoulin—Kapuskasing
Q108655429,Leah Taylor Roy,Q138345,Liberal,Q16949447,Aurora—Oak Ridges—Richmond Hill
Q22003456,John Brassard,Q488523,Conservative,Q16950434,Barrie—Innisfil
Q71929954,Doug Shipley,Q488523,Conservative,Q16950439,Barrie—Springwater—Oro-Medonte
Q108687472,Ryan Williams,Q488523,Conservative,Q16950737,Bay of Quinte
Q20676568,Nathaniel Erskine-Smith,Q138345,Liberal,Q2892787,Beaches—East York
Q108687462,Shafqat Ali,Q138345,Liberal,Q2923648,Brampton Centre
Q71942473,Maninder Sidhu,Q138345,Liberal,Q16953382,Brampton East
Q22096924,Ruby Sahota,Q138345,Liberal,Q16953394,Brampton North
Q22770988,Sonia Sidhu,Q138345,Liberal,Q16966835,Brampton South
Q22278589,Kamal Khera,Q138345,Liberal,Q2923649,Brampton West
Q108635653,Larry Brock,Q488523,Conservative,Q2923856,Brantford—Brant
Q71929907,Alex Ruff,Q488523,Conservative,Q2926493,Bruce—Grey—Owen Sound
Q21716260,Karina Gould,Q138345,Liberal,Q774538,Burlington
Q22279113,Bryan May,Q138345,Liberal,Q2934691,Cambridge
Q3386636,Pierre Poilievre,Q488523,Conservative,Q2939078,Carleton
Q71929935,Dave Epp,Q488523,Conservative,Q16961184,Chatham-Kent—Leamington
Q22086204,Julie Dzerowicz,Q138345,Liberal,Q3017300,Davenport
Q6829490,Michael Coteau,Q138345,Liberal,Q3035922,Don Valley East
Q17183113,Han Dong,Q138345,Liberal,Q3035923,Don Valley North
Q7340436,Rob Oliphant,Q138345,Liberal,Q3035926,Don Valley West
Q6451430,Kyle Seeback,Q488523,Conservative,Q602263,Dufferin—Caledon
Q1840895,Erin O'Toole,Q488523,Conservative,Q2390150,Durham
Q21336208,Marco Mendicino,Q138345,Liberal,Q3049206,Eglinton—Lawrence
Q22704261,Karen Vecchio,Q488523,Conservative,Q3050861,Elgin—Middlesex—London
Q81142481,Chris Lewis,Q488523,Conservative,Q3058748,Essex
Q17180515,Yvan Baker,Q138345,Liberal,Q3059353,Etobicoke Centre
Q17386312,James Maloney,Q138345,Liberal,Q3059361,Etobicoke—Lakeshore
Q3197422,Kirsty Duncan,Q138345,Liberal,Q3059355,Etobicoke North
Q108635667,Dan Muys,Q488523,Conservative,Q16978840,Flamborough—Glanbrook
Q21155044,Francis Drouin,Q138345,Liberal,Q3108745,Glengarry—Prescott—Russell
Q22278896,Lloyd Longfield,Q138345,Liberal,Q3118872,Guelph
Q94691482,Leslyn Lewis,Q488523,Conservative,Q5641291,Haldimand—Norfolk
Q22280358,Jamie Schmale,Q488523,Conservative,Q3125962,Haliburton—Kawartha Lakes—Brock
Q85784352,Matthew Green,Q130765,New Democratic,Q3126446,Hamilton Centre
Q108687453,Chad Collins,Q138345,Liberal,Q3126448,Hamilton East—Stoney Creek
Q108659139,Lisa Hepfner,Q138345,Liberal,Q3126460,Hamilton Mountain
Q22770985,Filomena Tassi,Q138345,Liberal,Q16979665,Hamilton West—Ancaster—Dundas
Q108650405,Shelby Kramp-Neuman,Q488523,Conservative,Q16979735,Hastings—Lennox and Addington
Q3188045,Judy Sgro,Q138345,Liberal,Q3572594,Humber River—Black Creek
Q2895501,Ben Lobb,Q488523,Conservative,Q290779,Huron—Bruce
Q59240247,Jenna Sudds,Q138345,Liberal,Q17088451,Kanata—Carleton
Q71937041,Eric Melillo,Q488523,Conservative,Q3195247,Kenora
Q108687444,Anna Roberts,Q488523,Conservative,Q16977204,King—Vaughan
Q16215273,Mark Gerretsen,Q138345,Liberal,Q3197139,Kingston and the Islands
Q108619065,Mike Morrice,Q691730,Green,Q3197575,Kitchener Centre
Q73210893,Tim Louis,Q138345,Liberal,Q3197577,Kitchener—Conestoga
Q108635673,Valerie Bradford,Q138345,Liberal,Q16979185,Kitchener South—Hespeler
Q71930019,Lianne Rood,Q488523,Conservative,Q3216699,Lambton—Kent—Middlesex
Q3476240,Scott Reid,Q488523,Conservative,Q16976721,Lanark—Frontenac—Kingston
Q19876367,Michael Barrett,Q488523,Conservative,Q581570,Leeds—Grenville—Thousand Islands and Rideau Lakes
Q71942357,Lindsay Mathyssen,Q130765,New Democratic,Q3258986,London—Fanshawe
Q21642488,Peter Fragiskatos,Q138345,Liberal,Q3258929,London North Centre
Q108628484,Arielle Kayabaga,Q138345,Liberal,Q3258933,London West
Q5703595,Helena Jaczek,Q138345,Liberal,Q16977352,Markham—Stouffville
Q29139548,Mary Ng,Q138345,Liberal,Q16977883,Markham—Thornhill
Q108694832,Paul Chiang,Q138345,Liberal,Q3294346,Markham—Unionville
Q81496,Adam van Koeverden,Q138345,Liberal,Q16969295,Milton
Q3351821,Omar Alghabra,Q138345,Liberal,Q975611,Mississauga Centre
Q7174026,Peter Fonseca,Q138345,Liberal,Q3316906,Mississauga East—Cooksville
Q21642653,Iqra Khalid,Q138345,Liberal,Q16976696,Mississauga—Erin Mills
Q21175255,Sven Spengemann,Q138345,Liberal,Q3316911,Mississauga—Lakeshore
Q108635682,Iqwinder Gaheer,Q138345,Liberal,Q16977742,Mississauga—Malton
Q108655399,Rechie Valdez,Q138345,Liberal,Q3316916,Mississauga—Streetsville
Q22276872,Chandra Arya,Q138345,Liberal,Q3338266,Nepean
Q7823611,Tony Van Bynen,Q138345,Liberal,Q3339132,Newmarket—Aurora
Q22276923,Vance Badawey,Q138345,Liberal,Q3339428,Niagara Centre
Q71929868,Tony Baldinelli,Q488523,Conservative,Q3339434,Niagara Falls
Q3020613,Dean Allison,Q488523,Conservative,Q16977205,Niagara West
Q22442799,Marc Serré,Q138345,Liberal,Q3339824,Nickel Belt
Q2852943,Anthony Rota,Q138345,Liberal,Q3342105,Nipissing—Timiskaming
Q85793092,Philip Lawrence,Q488523,Conservative,Q16977243,Northumberland—Peterborough South
Q67442310,Anita Anand,Q138345,Liberal,Q14875369,Oakville
Q22277495,Pam Damoff,Q138345,Liberal,Q17092100,Oakville North—Burlington
Q17180720,Marie-France Lalonde,Q138345,Liberal,Q3357764,Orléans
Q2982579,Colin Carrie,Q488523,Conservative,Q3357223,Oshawa
Q8049806,Yasir Naqvi,Q138345,Liberal,Q3357743,Ottawa Centre
Q3018407,David McGuinty,Q138345,Liberal,Q3357747,Ottawa South
Q29138522,Mona Fortier,Q138345,Liberal,Q3357766,Ottawa—Vanier
Q22282329,Anita Vandenbeld,Q138345,Liberal,Q3357746,Ottawa West—Nepean
Q3017193,Dave MacKenzie,Q488523,Conservative,Q3359048,Oxford
Q22704264,Arif Virani,Q138345,Liberal,Q3365449,Parkdale—High Park
Q71912401,Scott Aitchison,Q488523,Conservative,Q3366038,Parry Sound—Muskoka
Q21642848,John Nater,Q488523,Conservative,Q3376177,Perth—Wellington
Q108619080,Michelle Ferreri,Q488523,Conservative,Q3376996,Peterborough—Kawartha
Q22279457,Jennifer O'Connell,Q138345,Liberal,Q16977690,Pickering—Uxbridge
Q2962814,Cheryl Gallant,Q488523,Conservative,Q3425442,Renfrew—Nipissing—Pembroke
Q21156165,Majid Jowhari,Q138345,Liberal,Q3431478,Richmond Hill
Q21572835,Chris Bittle,Q138345,Liberal,Q267841,St. Catharines
Q22277949,Marilyn Gladu,Q488523,Conservative,Q3473661,Sarnia—Lambton
Q22096449,Terry Sheehan,Q138345,Liberal,Q3474220,Sault Ste. Marie
Q45311888,Jean Yip,Q138345,Liberal,Q3475169,Scarborough—Agincourt
Q22282385,Salma Zahid,Q138345,Liberal,Q3475163,Scarborough Centre
Q3182063,John McKay,Q138345,Liberal,Q3475168,Scarborough—Guildwood
Q22277334,Shaun Chen,Q138345,Liberal,Q16976145,Scarborough North
Q21160212,Gary Anandasangaree,Q138345,Liberal,Q16979633,Scarborough—Rouge Park
Q4908168,Bill Blair,Q138345,Liberal,Q3475165,Scarborough Southwest
Q71929888,Terry Dowdall,Q488523,Conservative,Q3484122,Simcoe—Grey
Q108687439,Adam Chambers,Q488523,Conservative,Q3484116,Simcoe North
Q108635638,Kevin Vuong,Q327591,Independent,Q16976871,Spadina—Fort York
Q71937055,Eric Duncan,Q488523,Conservative,Q3499856,Stormont—Dundas—South Glengarry
Q108628500,Viviane Lapointe,Q138345,Liberal,Q3502922,Sudbury
Q108619068,Melissa Lantsman,Q488523,Conservative,Q3525846,Thornhill
Q71929797,Marcus Powlowski,Q138345,Liberal,Q3526042,Thunder Bay—Rainy River
Q21573510,Patty Hajdu,Q138345,Liberal,Q3526041,Thunder Bay—Superior North
Q2960818,Charlie Angus,Q130765,New Democratic,Q3529015,Timmins—James Bay
Q6757065,Marci Ien,Q138345,Liberal,Q921653,Toronto Centre
Q21572925,Julie Dabrusin,Q138345,Liberal,Q3532395,Toronto—Danforth
Q2403422,Carolyn Bennett,Q138345,Liberal,Q3495297,Toronto—St. Paul's
Q4492815,Chrystia Freeland,Q138345,Liberal,Q16977089,University—Rosedale
Q22097102,Francesco Sorbara,Q138345,Liberal,Q16976825,Vaughan—Woodbridge
Q21402871,Bardish Chagger,Q138345,Liberal,Q3566686,Waterloo
Q3308109,Michael Chong,Q488523,Conservative,Q3567185,Wellington—Halton Hills
Q71929780,Ryan Turnbull,Q138345,Liberal,Q16967060,Whitby
Q21156200,Ali Ehsassi,Q138345,Liberal,Q3569133,Willowdale
Q62940707,Irek Kusmierczyk,Q138345,Liberal,Q3569307,Windsor—Tecumseh
Q529968,Brian Masse,Q130765,New Democratic,Q3569303,Windsor West
Q100937829,Ya'ara Saks,Q138345,Liberal,Q3572587,York Centre
Q61881929,Scot Davidson,Q488523,Conservative,Q3572619,York—Simcoe
Q16211070,Ahmed Hussen,Q138345,Liberal,Q3572599,York South—Weston
Q3219913,Lawrence MacAulay,Q138345,Liberal,Q2938039,Cardigan
Q3476701,Sean Casey,Q138345,Liberal,Q2961057,Charlottetown
Q4935396,Bobby Morrissey,Q138345,Liberal,Q3049209,Egmont
Q19966780,Heath MacDonald,Q138345,Liberal,Q513772,Malpeque
Q72093411,Sylvie Bérubé,Q735105,Bloc Québécois,Q2821651,Abitibi—Baie-James—Nunavik—Eeyou
Q72177965,Sébastien Lemire,Q735105,Bloc Québécois,Q2821652,Abitibi—Témiscamingue
Q15054353,Mélanie Joly,Q138345,Liberal,Q16826254,Ahuntsic-Cartierville
Q22080847,Angelo Iacono,Q138345,Liberal,Q2834924,Alfred-Pellan
Q22080839,Stéphane Lauzon,Q138345,Liberal,Q16833613,Argenteuil—La Petite-Nation
Q71973951,Kristina Michaud,Q735105,Bloc Québécois,Q16836105,Avignon—La Mitis—Matane—Matapédia
Q71920975,Richard Lehoux,Q488523,Conservative,Q2893126,Beauce
Q72091608,Caroline Desbiens,Q735105,Bloc Québécois,Q528161,Beauport—Côte-de-Beaupré—Île d'Orléans—Charlevoix
Q71991319,Julie Vignola,Q735105,Bloc Québécois,Q2893257,Beauport—Limoilou
Q3262931,Louis Plamondon,Q735105,Bloc Québécois,Q2886296,Bécancour—Nicolet—Saurel
Q3035523,Dominique Vien,Q488523,Conservative,Q3272022,Bellechasse—Les Etchemins—Lévis
Q3573412,Yves-François Blanchet,Q735105,Bloc Québécois,Q16840121,Beloeil—Chambly
Q72219741,Yves Perron,Q735105,Bloc Québécois,Q2899323,Berthier—Maskinongé
Q3052684,Emmanuel Dubourg,Q138345,Liberal,Q2922232,Bourassa
Q108673849,Pascale St-Onge,Q138345,Liberal,Q2926009,Brome—Missisquoi
Q2833301,Alexandra Mendès,Q138345,Liberal,Q16847474,Brossard—Saint-Lambert
Q21158711,Pierre Paul-Hus,Q488523,Conservative,Q429015,Charlesbourg—Haute-Saint-Charles
Q108648057,Patrick O'Hara,Q735105,Bloc Québécois,Q16961180,Châteauguay—Lacolle
Q16194184,Richard Martel,Q488523,Conservative,Q2963421,Chicoutimi—Le Fjord
Q21356553,Marie-Claude Bibeau,Q138345,Liberal,Q2990889,Compton—Stanstead
Q21572945,Anju Dhillon,Q138345,Liberal,Q16962445,Dorval—Lachine—LaSalle
Q72219413,Martin Champoux,Q735105,Bloc Québécois,Q3040119,Drummond
Q21336098,Diane Lebouthillier,Q138345,Liberal,Q3098861,Gaspésie—Les Îles-de-la-Madeleine
Q21266477,Steven MacKinnon,Q138345,Liberal,Q693762,Gatineau
Q72012015,Soraya Martinez Ferrada,Q138345,Liberal,Q3138926,Hochelaga
Q3359999,Pablo Rodríguez,Q138345,Liberal,Q3140203,Honoré-Mercier
Q21281905,Greg Fergus,Q138345,Liberal,Q3143028,Hull—Aylmer
Q21177259,Gabriel Ste-Marie,Q735105,Bloc Québécois,Q3183138,Joliette
Q72219402,Mario Simard,Q735105,Bloc Québécois,Q3183620,Jonquière
Q17174697,Mario Beaulieu,Q735105,Bloc Québécois,Q3211775,La Pointe-de-l'Île
Q2830317,Alain Therrien,Q735105,Bloc Québécois,Q3217787,La Prairie
Q72194331,Alexis Brunelle-Duceppe,Q735105,Bloc Québécois,Q3214650,Lac-Saint-Jean
Q955143,Francis Scarpaleggia,Q138345,Liberal,Q3214654,Lac-Saint-Louis
Q21064615,David Lametti,Q138345,Liberal,Q16979970,LaSalle—Émard—Verdun
Q72219707,Marie-Hélène Gaudreau,Q735105,Bloc Québécois,Q3219613,Laurentides—Labelle
Q3499230,Steven Guilbeault,Q138345,Liberal,Q3219676,Laurier—Sainte-Marie
Q22278594,Fayçal El-Khoury,Q138345,Liberal,Q3219763,Laval—Les Îles
Q774134,Jacques Gourde,Q488523,Conservative,Q3259970,Lévis—Lotbinière
Q22280112,Sherry Romanado,Q138345,Liberal,Q16979600,Longueuil—Charles-LeMoyne
Q3022947,Denis Trudel,Q735105,Bloc Québécois,Q21027519,Longueuil—Saint-Hubert
Q21159821,Joël Lightbound,Q138345,Liberal,Q3260598,Louis-Hébert
Q3123899,Gérard Deltell,Q488523,Conservative,Q3260876,Louis-Saint-Laurent
Q21167969,Marilène Gill,Q735105,Bloc Québécois,Q3285881,Manicouagan
Q22280066,Yves Robillard,Q138345,Liberal,Q3287683,Marc-Aurèle-Fortin
Q21891834,Luc Berthold,Q488523,Conservative,Q3332796,Mégantic—L'Érable
Q108659311,Jean-Denis Garon,Q735105,Bloc Québécois,Q16999883,Mirabel
Q3501591,Stéphane Bergeron,Q735105,Bloc Québécois,Q16977815,Montarville
Q1396130,Luc Thériault,Q735105,Bloc Québécois,Q3322478,Montcalm
Q2898026,Bernard Généreux,Q488523,Conservative,Q3322832,Montmagny—L'Islet—Kamouraska—Rivière-du-Loup
Q4772746,Anthony Housefather,Q138345,Liberal,Q3321616,Mount Royal
Q703321,Marc Garneau,Q138345,Liberal,Q17044892,Notre-Dame-de-Grâce—Westmount
Q61881930,Rachel Bendayan,Q138345,Liberal,Q3358662,Outremont
Q3099714,Justin Trudeau,Q138345,Liberal,Q3362910,Papineau
Q21284594,Xavier Barsalou-Duval,Q735105,Bloc Québécois,Q16845155,Pierre-Boucher—Les Patriotes—Verchères
Q72012003,Sameer Zuberi,Q138345,Liberal,Q600123,Pierrefonds—Dollard
Q108635691,Sophie Chatel,Q138345,Liberal,Q3397734,Pontiac
Q22277957,Joël Godin,Q488523,Conservative,Q3399336,Portneuf—Jacques-Cartier
Q1685302,Jean-Yves Duclos,Q138345,Liberal,Q3414825,Québec
Q21286025,Monique Pauzé,Q735105,Bloc Québécois,Q3427232,Repentigny
Q21296174,Alain Rayes,Q488523,Conservative,Q3431483,Richmond—Arthabaska
Q72219417,Maxime Blanchette-Joncas,Q735105,Bloc Québécois,Q3432128,Rimouski-Neigette—Témiscouata—Les Basques
Q72219386,Luc Desilets,Q735105,Bloc Québécois,Q3433602,Rivière-des-Mille-Îles
Q21159929,Rhéal Fortin,Q735105,Bloc Québécois,Q428070,Rivière-du-Nord
Q2833494,Alexandre Boulerice,Q130765,New Democratic,Q7368487,Rosemont—La Petite-Patrie
Q30302772,Simon-Pierre Savard-Tremblay,Q735105,Bloc Québécois,Q3462434,Saint-Hyacinthe—Bagot
Q72219274,Christine Normandin,Q735105,Bloc Québécois,Q3462577,Saint-Jean
Q29139554,Emmanuella Lambropoulos,Q138345,Liberal,Q3462729,Saint-Laurent
Q22006190,Patricia Lattanzio,Q138345,Liberal,Q3462835,Saint-Léonard—Saint-Michel
Q21159815,François-Philippe Champagne,Q138345,Liberal,Q3462967,Saint-Maurice—Champlain
Q2977252,Claude DeBellefeuille,Q735105,Bloc Québécois,Q16999438,Salaberry—Suroît
Q72012161,Andréanne Larouche,Q735105,Bloc Québécois,Q3481722,Shefford
Q72012105,Élisabeth Brière,Q138345,Liberal,Q3481910,Sherbrooke
Q108650880,Nathalie Sinclair-Desgagné,Q735105,Bloc Québécois,Q25246025,Terrebonne
Q3263709,Louise Chabot,Q735105,Bloc Québécois,Q16842973,Thérèse-De Blainville
Q108687420,René Villemure,Q735105,Bloc Québécois,Q3539914,Trois-Rivières
Q22121196,Peter Schiefke,Q138345,Liberal,Q3555066,Vaudreuil—Soulanges
Q22279214,Marc Miller,Q138345,Liberal,Q16977201,Ville-Marie—Le Sud-Ouest—Île-des-Sœurs
Q72012050,Annie Koutrakis,Q138345,Liberal,Q16978570,Vimy
Q42666524,Rosemarie Falk,Q488523,Conservative,Q2891841,Battlefords—Lloydminster
Q6385949,Kelly Block,Q488523,Conservative,Q16985258,Carlton Trail—Eagle Creek
Q71920882,Jeremy Patzer,Q488523,Conservative,Q3008864,Cypress Hills—Grasslands
Q71920836,Gary Vidal,Q488523,Conservative,Q3024533,Desnethé—Missinippi—Churchill River
Q108650393,Fraser Tolmie,Q488523,Conservative,Q17037560,Moose Jaw—Lake Centre—Lanigan
Q7292236,Randy Hoback,Q488523,Conservative,Q3403304,Prince Albert
Q7970499,Warren Steinley,Q488523,Conservative,Q16990355,Regina—Lewvan
Q2846724,Andrew Scheer,Q488523,Conservative,Q3423524,Regina—Qu'Appelle
Q72219423,Michael Kram,Q488523,Conservative,Q3423526,Regina—Wascana
Q22770989,Kevin Waugh,Q488523,Conservative,Q16990152,Saskatoon—Grasswood
Q5170456,Corey Tochor,Q488523,Conservative,Q16979773,Saskatoon—University
Q71937029,Brad Redekopp,Q488523,Conservative,Q3473801,Saskatoon West
Q22278635,Robert Kitchen,Q488523,Conservative,Q3491962,Souris—Moose Mountain
Q22116843,Cathay Wagantall,Q488523,Conservative,Q3572613,Yorkton—Melville
Q6832752,Michael McLeod,Q138345,Liberal,Q606515,Northwest Territories
Q108619069,Lori Idlout,Q130765,New Democratic,Q584337,Nunavut
Q108638234,Brendan Hanley,Q138345,Liberal,Q3573173,Yukon
